CustomerID,Order Timestamp,AOV,CustomerRating,Feedback,,Average Customer Rating,Average AOV,,Month ,Average AOV,Average Customer Rating
CUST_0120,2/1/2025 5:14:00,₹479.94,3,Good quality products.,,3.663,₹407.50,,2,₹415.13,3.569536424
CUST_0001,2/1/2025 7:22:00,₹638.46,5,Loved the discounts.,,,,,3,₹409.15,3.638418079
CUST_0090,2/1/2025 7:43:00,₹425.61,5,Product quality acceptable.,,,,,4,₹416.06,3.67816092
CUST_0467,2/1/2025 18:44:00,₹395.13,1,Delivery was very late.,,,,,5,₹401.60,3.585034014
CUST_0393,2/2/2025 8:00:00,₹493.57,3,Average service.,,,,,6,₹405.10,3.530726257
CUST_0253,2/2/2025 20:14:00,₹331.44,1,Customer support unhelpful.,,,,,7,₹398.03,3.959302326
CUST_0144,2/3/2025 2:37:00,₹589.99,3,Product quality acceptable.,,,,,,,
CUST_0279,2/3/2025 12:42:00,₹586.14,5,Neutral experience.,,,,,,,
CUST_0275,2/3/2025 15:29:00,₹318.29,5,Delivery was okay.,,,,,,,
CUST_0434,2/3/2025 17:42:00,₹478.54,3,Delivery was okay.,,,,,,,
CUST_0413,2/3/2025 19:05:00,₹234.16,3,App glitches caused trouble.,,,,,,,
CUST_0189,2/3/2025 20:22:00,₹382.18,1,Poor packaging.,,,,,,,
CUST_0325,2/3/2025 23:05:00,₹403.72,3,Average service.,,,,,,,
CUST_0215,2/4/2025 0:48:00,₹258.56,4,Nothing special.,,,,,,,
CUST_0365,2/4/2025 5:57:00,₹553.40,5,Product quality acceptable.,,,,,,,
CUST_0047,2/4/2025 6:39:00,₹441.84,5,Product quality acceptable.,,,,,,,
CUST_0401,2/4/2025 7:19:00,₹434.31,5,Delivery was okay.,,,,,,,
CUST_0264,2/4/2025 10:29:00,₹136.05,3,Product quality acceptable.,,,,,,,
CUST_0277,2/4/2025 11:19:00,₹495.30,3,Great experience overall.,,,,,,,
CUST_0028,2/4/2025 12:33:00,₹474.04,5,Nothing special.,,,,,,,
CUST_0408,2/4/2025 13:02:00,₹576.28,5,Nothing special.,,,,,,,
CUST_0160,2/4/2025 16:34:00,₹481.26,5,Very fast delivery.,,,,,,,
CUST_0046,2/5/2025 0:39:00,₹516.10,3,Delivery was okay.,,,,,,,
CUST_0062,2/5/2025 3:05:00,₹413.72,5,Delivery was okay.,,,,,,,
CUST_0497,2/5/2025 4:29:00,₹487.12,3,Great experience overall.,,,,,,,
CUST_0187,2/5/2025 4:37:00,₹577.59,4,Neutral experience.,,,,,,,
CUST_0372,2/5/2025 4:53:00,₹474.82,4,Good quality products.,,,,,,,
CUST_0327,2/5/2025 9:32:00,₹298.07,5,Good quality products.,,,,,,,
CUST_0476,2/5/2025 17:27:00,₹291.75,5,Very fast delivery.,,,,,,,
CUST_0420,2/6/2025 1:19:00,₹566.85,5,Product quality acceptable.,,,,,,,
CUST_0074,2/6/2025 6:51:00,₹526.55,5,Delivery was okay.,,,,,,,
CUST_0340,2/6/2025 19:25:00,₹649.88,2,Very bad experience.,,,,,,,
CUST_0307,2/7/2025 2:46:00,₹394.12,4,Nothing special.,,,,,,,
CUST_0039,2/7/2025 4:42:00,₹389.85,4,Excellent service!,,,,,,,
CUST_0206,2/7/2025 5:14:00,₹456.46,4,Neutral experience.,,,,,,,
CUST_0237,2/7/2025 9:06:00,₹347.92,5,Nothing special.,,,,,,,
CUST_0060,2/7/2025 20:17:00,₹439.63,1,Wrong items delivered.,,,,,,,
CUST_0054,2/8/2025 5:04:00,₹450.94,4,Great experience overall.,,,,,,,
CUST_0401,2/8/2025 7:49:00,₹437.42,3,Neutral experience.,,,,,,,
CUST_0198,2/9/2025 2:19:00,₹221.32,4,Loved the discounts.,,,,,,,
CUST_0227,2/9/2025 5:47:00,₹284.11,5,Very fast delivery.,,,,,,,
CUST_0441,2/9/2025 7:01:00,₹543.44,3,Very fast delivery.,,,,,,,
CUST_0217,2/9/2025 19:37:00,₹628.71,1,Wrong items delivered.,,,,,,,
CUST_0162,2/10/2025 4:22:00,₹545.11,4,Great experience overall.,,,,,,,
CUST_0461,2/10/2025 13:17:00,₹336.08,5,User friendly app.,,,,,,,
CUST_0427,2/10/2025 14:16:00,₹96.43,3,Delivery was okay.,,,,,,,
CUST_0318,2/10/2025 15:06:00,₹439.05,5,Excellent service!,,,,,,,
CUST_0380,2/10/2025 20:35:00,₹431.95,2,Customer support unhelpful.,,,,,,,
CUST_0115,2/10/2025 20:45:00,₹573.54,3,Delivery was very late.,,,,,,,
CUST_0150,2/10/2025 23:57:00,₹546.34,5,Loved the discounts.,,,,,,,
CUST_0170,2/11/2025 2:07:00,₹645.50,5,Loved the discounts.,,,,,,,
CUST_0187,2/11/2025 8:55:00,₹525.75,4,Excellent service!,,,,,,,
CUST_0081,2/11/2025 9:39:00,₹278.05,4,Average service.,,,,,,,
CUST_0384,2/11/2025 12:24:00,₹331.52,5,Loved the discounts.,,,,,,,
CUST_0184,2/11/2025 12:33:00,₹593.99,4,Average service.,,,,,,,
CUST_0080,2/11/2025 13:49:00,₹520.96,4,Very fast delivery.,,,,,,,
CUST_0401,2/11/2025 23:11:00,₹232.18,4,User friendly app.,,,,,,,
CUST_0170,2/12/2025 1:06:00,₹484.22,4,Loved the discounts.,,,,,,,
CUST_0043,2/12/2025 8:46:00,₹310.15,3,Delivery was okay.,,,,,,,
CUST_0271,2/12/2025 13:33:00,₹323.88,4,Nothing special.,,,,,,,
CUST_0239,2/12/2025 14:48:00,₹415.08,5,Good quality products.,,,,,,,
CUST_0233,2/12/2025 14:58:00,₹555.03,5,Neutral experience.,,,,,,,
CUST_0120,2/12/2025 16:15:00,₹343.22,3,Delivery was okay.,,,,,,,
CUST_0470,2/12/2025 22:11:00,₹349.87,2,Delivery was very late.,,,,,,,
CUST_0446,2/13/2025 7:01:00,₹421.67,4,Loved the discounts.,,,,,,,
CUST_0417,2/13/2025 10:44:00,₹224.39,3,User friendly app.,,,,,,,
CUST_0343,2/13/2025 12:17:00,₹197.31,2,Delivery was okay.,,,,,,,
CUST_0473,2/13/2025 13:26:00,₹489.53,4,Great experience overall.,,,,,,,
CUST_0350,2/13/2025 16:59:00,₹439.62,4,User friendly app.,,,,,,,
CUST_0097,2/13/2025 23:46:00,₹526.00,3,Excellent service!,,,,,,,
CUST_0114,2/14/2025 1:52:00,₹134.88,2,Neutral experience.,,,,,,,
CUST_0461,2/14/2025 5:22:00,₹572.14,5,Good quality products.,,,,,,,
CUST_0035,2/14/2025 13:01:00,₹186.60,3,Average service.,,,,,,,
CUST_0369,2/14/2025 14:28:00,₹229.75,3,Average service.,,,,,,,
CUST_0280,2/14/2025 18:37:00,₹267.80,1,Very bad experience.,,,,,,,
CUST_0320,2/14/2025 22:13:00,₹197.37,1,App glitches caused trouble.,,,,,,,
CUST_0445,2/14/2025 23:09:00,₹196.00,2,Product quality acceptable.,,,,,,,
CUST_0485,2/14/2025 23:50:00,₹334.55,5,Neutral experience.,,,,,,,
CUST_0264,2/15/2025 3:20:00,₹556.00,4,Loved the discounts.,,,,,,,
CUST_0492,2/15/2025 7:04:00,₹554.71,3,Delivery was okay.,,,,,,,
CUST_0041,2/15/2025 14:28:00,₹433.58,5,Good quality products.,,,,,,,
CUST_0233,2/15/2025 22:28:00,₹291.60,2,Poor packaging.,,,,,,,
CUST_0339,2/16/2025 0:44:00,₹593.01,3,Product quality acceptable.,,,,,,,
CUST_0117,2/16/2025 11:37:00,₹514.93,3,Delivery was okay.,,,,,,,
CUST_0130,2/16/2025 12:41:00,₹533.67,5,Average service.,,,,,,,
CUST_0303,2/16/2025 16:47:00,₹253.91,3,Delivery was okay.,,,,,,,
CUST_0403,2/16/2025 23:43:00,₹422.16,4,User friendly app.,,,,,,,
CUST_0137,2/17/2025 0:24:00,₹444.55,5,User friendly app.,,,,,,,
CUST_0497,2/17/2025 4:38:00,₹437.62,4,Very fast delivery.,,,,,,,
CUST_0202,2/17/2025 4:43:00,₹488.62,5,Average service.,,,,,,,
CUST_0254,2/17/2025 11:19:00,₹328.74,5,Neutral experience.,,,,,,,
CUST_0113,2/17/2025 13:30:00,₹407.27,4,Average service.,,,,,,,
CUST_0457,2/17/2025 22:06:00,₹224.06,2,Poor packaging.,,,,,,,
CUST_0021,2/18/2025 5:34:00,₹595.48,4,Nothing special.,,,,,,,
CUST_0317,2/18/2025 7:20:00,₹625.88,5,Good quality products.,,,,,,,
CUST_0116,2/18/2025 14:43:00,₹322.02,3,Loved the discounts.,,,,,,,
CUST_0044,2/18/2025 20:12:00,₹418.55,2,Wrong items delivered.,,,,,,,
CUST_0172,2/19/2025 4:43:00,₹325.61,5,Neutral experience.,,,,,,,
CUST_0136,2/19/2025 11:07:00,₹499.45,3,Very fast delivery.,,,,,,,
CUST_0417,2/19/2025 14:51:00,₹95.51,2,Nothing special.,,,,,,,
CUST_0359,2/19/2025 17:00:00,₹377.76,5,Excellent service!,,,,,,,
CUST_0260,2/19/2025 19:32:00,₹455.21,2,App glitches caused trouble.,,,,,,,
CUST_0191,2/20/2025 0:54:00,₹513.77,5,Neutral experience.,,,,,,,
CUST_0213,2/20/2025 4:02:00,₹387.88,3,Neutral experience.,,,,,,,
CUST_0310,2/20/2025 16:11:00,₹530.14,5,User friendly app.,,,,,,,
CUST_0237,2/20/2025 17:09:00,₹268.95,4,Nothing special.,,,,,,,
CUST_0047,2/20/2025 18:03:00,₹402.51,1,App glitches caused trouble.,,,,,,,
CUST_0471,2/20/2025 20:49:00,₹326.29,1,Wrong items delivered.,,,,,,,
CUST_0010,2/21/2025 9:12:00,₹477.77,3,Nothing special.,,,,,,,
CUST_0402,2/21/2025 18:37:00,₹426.17,1,Delivery was very late.,,,,,,,
CUST_0373,2/21/2025 18:58:00,₹515.43,2,Very bad experience.,,,,,,,
CUST_0036,2/21/2025 22:42:00,₹279.16,1,Very bad experience.,,,,,,,
CUST_0035,2/22/2025 10:36:00,₹585.53,5,Average service.,,,,,,,
CUST_0284,2/22/2025 10:45:00,₹453.23,3,Excellent service!,,,,,,,
CUST_0109,2/22/2025 15:56:00,₹371.65,4,Excellent service!,,,,,,,
CUST_0360,2/23/2025 9:09:00,₹493.94,5,Very fast delivery.,,,,,,,
CUST_0163,2/23/2025 14:25:00,₹420.13,5,Loved the discounts.,,,,,,,
CUST_0091,2/23/2025 15:21:00,₹424.80,5,User friendly app.,,,,,,,
CUST_0442,2/23/2025 17:42:00,₹423.87,3,Average service.,,,,,,,
CUST_0092,2/23/2025 18:39:00,₹291.79,2,Poor packaging.,,,,,,,
CUST_0417,2/23/2025 18:44:00,₹452.28,1,Poor packaging.,,,,,,,
CUST_0104,2/24/2025 2:19:00,₹396.63,4,Product quality acceptable.,,,,,,,
CUST_0005,2/24/2025 13:18:00,₹309.66,5,Neutral experience.,,,,,,,
CUST_0226,2/24/2025 19:36:00,₹50.00,1,Wrong items delivered.,,,,,,,
CUST_0373,2/25/2025 1:24:00,₹343.04,4,Product quality acceptable.,,,,,,,
CUST_0475,2/25/2025 2:31:00,₹357.05,4,Very fast delivery.,,,,,,,
CUST_0316,2/25/2025 3:09:00,₹403.47,5,Loved the discounts.,,,,,,,
CUST_0134,2/25/2025 6:08:00,₹369.41,4,Great experience overall.,,,,,,,
CUST_0387,2/25/2025 7:23:00,₹478.76,3,Loved the discounts.,,,,,,,
CUST_0099,2/25/2025 10:37:00,₹527.19,4,Product quality acceptable.,,,,,,,
CUST_0278,2/25/2025 14:03:00,₹121.40,2,Average service.,,,,,,,
CUST_0472,2/25/2025 17:24:00,₹208.75,3,Neutral experience.,,,,,,,
CUST_0145,2/25/2025 19:33:00,₹378.50,1,Very bad experience.,,,,,,,
CUST_0408,2/25/2025 23:11:00,₹692.13,4,Loved the discounts.,,,,,,,
CUST_0147,2/26/2025 7:35:00,₹674.78,5,User friendly app.,,,,,,,
CUST_0280,2/26/2025 7:46:00,₹287.28,4,Nothing special.,,,,,,,
CUST_0113,2/26/2025 14:31:00,₹576.44,4,Very fast delivery.,,,,,,,
CUST_0103,2/26/2025 21:58:00,₹287.42,2,Very bad experience.,,,,,,,
CUST_0208,2/27/2025 2:16:00,₹527.02,4,Great experience overall.,,,,,,,
CUST_0348,2/27/2025 5:26:00,₹308.42,3,Neutral experience.,,,,,,,
CUST_0259,2/27/2025 7:18:00,₹554.86,5,Loved the discounts.,,,,,,,
CUST_0075,2/27/2025 7:59:00,₹416.08,3,Nothing special.,,,,,,,
CUST_0420,2/27/2025 13:49:00,₹330.15,4,Excellent service!,,,,,,,
CUST_0460,2/27/2025 14:27:00,₹584.89,4,Delivery was okay.,,,,,,,
CUST_0436,2/27/2025 16:12:00,₹417.02,5,Very fast delivery.,,,,,,,
CUST_0355,2/27/2025 20:07:00,₹399.74,3,Poor packaging.,,,,,,,
CUST_0305,2/28/2025 3:21:00,₹470.70,4,Nothing special.,,,,,,,
CUST_0403,2/28/2025 4:12:00,₹564.04,4,Good quality products.,,,,,,,
CUST_0497,2/28/2025 10:36:00,₹349.30,3,User friendly app.,,,,,,,
CUST_0223,2/28/2025 10:54:00,₹436.17,5,Great experience overall.,,,,,,,
CUST_0369,2/28/2025 19:44:00,₹318.58,1,Delivery was very late.,,,,,,,
CUST_0444,3/1/2025 3:09:00,₹343.91,3,Loved the discounts.,,,,,,,
CUST_0417,3/1/2025 8:09:00,₹599.37,4,Very fast delivery.,,,,,,,
CUST_0449,3/1/2025 10:21:00,₹413.31,5,Nothing special.,,,,,,,
CUST_0304,3/1/2025 10:32:00,₹276.40,4,Excellent service!,,,,,,,
CUST_0386,3/1/2025 12:17:00,₹391.96,4,Loved the discounts.,,,,,,,
CUST_0225,3/1/2025 16:28:00,₹550.27,5,Excellent service!,,,,,,,
CUST_0134,3/2/2025 8:32:00,₹249.19,5,Great experience overall.,,,,,,,
CUST_0492,3/2/2025 14:26:00,₹247.84,4,Product quality acceptable.,,,,,,,
CUST_0415,3/2/2025 15:20:00,₹322.32,4,Great experience overall.,,,,,,,
CUST_0398,3/2/2025 15:39:00,₹418.93,4,Average service.,,,,,,,
CUST_0370,3/2/2025 19:07:00,₹579.88,1,Delivery was very late.,,,,,,,
CUST_0206,3/3/2025 7:36:00,₹603.44,4,Great experience overall.,,,,,,,
CUST_0158,3/3/2025 14:56:00,₹451.25,5,Neutral experience.,,,,,,,
CUST_0342,3/3/2025 15:13:00,₹245.50,3,Nothing special.,,,,,,,
CUST_0435,3/3/2025 18:04:00,₹449.29,1,Wrong items delivered.,,,,,,,
CUST_0474,3/4/2025 0:52:00,₹502.73,3,Very fast delivery.,,,,,,,
CUST_0179,3/4/2025 1:10:00,₹350.20,3,Excellent service!,,,,,,,
CUST_0331,3/4/2025 1:27:00,₹405.53,5,Delivery was okay.,,,,,,,
CUST_0147,3/4/2025 1:46:00,₹507.93,5,Loved the discounts.,,,,,,,
CUST_0312,3/4/2025 2:02:00,₹575.38,5,Loved the discounts.,,,,,,,
CUST_0196,3/4/2025 6:44:00,₹359.25,4,Great experience overall.,,,,,,,
CUST_0165,3/4/2025 8:11:00,₹418.89,4,Average service.,,,,,,,
CUST_0042,3/4/2025 9:09:00,₹280.45,5,User friendly app.,,,,,,,
CUST_0179,3/4/2025 17:06:00,₹475.70,4,Very fast delivery.,,,,,,,
CUST_0038,3/4/2025 18:43:00,₹454.48,2,Delivery was very late.,,,,,,,
CUST_0431,3/5/2025 0:18:00,₹440.94,3,Very fast delivery.,,,,,,,
CUST_0259,3/5/2025 3:46:00,₹494.36,5,Product quality acceptable.,,,,,,,
CUST_0352,3/5/2025 5:23:00,₹491.29,4,User friendly app.,,,,,,,
CUST_0366,3/5/2025 5:40:00,₹488.11,3,Loved the discounts.,,,,,,,
CUST_0161,3/5/2025 8:12:00,₹579.68,3,Average service.,,,,,,,
CUST_0469,3/5/2025 16:23:00,₹377.14,5,User friendly app.,,,,,,,
CUST_0157,3/5/2025 19:29:00,₹222.72,2,App glitches caused trouble.,,,,,,,
CUST_0460,3/6/2025 5:52:00,₹644.00,5,Great experience overall.,,,,,,,
CUST_0394,3/6/2025 7:58:00,₹490.92,5,Loved the discounts.,,,,,,,
CUST_0400,3/6/2025 13:03:00,₹383.01,4,Delivery was okay.,,,,,,,
CUST_0286,3/6/2025 16:36:00,₹367.72,5,User friendly app.,,,,,,,
CUST_0215,3/7/2025 0:39:00,₹653.13,5,User friendly app.,,,,,,,
CUST_0269,3/7/2025 1:22:00,₹567.60,4,Nothing special.,,,,,,,
CUST_0253,3/7/2025 5:36:00,₹312.57,4,User friendly app.,,,,,,,
CUST_0371,3/7/2025 7:15:00,₹408.35,4,Loved the discounts.,,,,,,,
CUST_0477,3/7/2025 11:37:00,₹389.06,5,Product quality acceptable.,,,,,,,
CUST_0459,3/7/2025 15:44:00,₹314.95,5,Nothing special.,,,,,,,
CUST_0423,3/7/2025 18:29:00,₹279.30,2,Delivery was very late.,,,,,,,
CUST_0264,3/7/2025 21:14:00,₹174.35,1,Customer support unhelpful.,,,,,,,
CUST_0364,3/8/2025 0:07:00,₹432.57,5,Very fast delivery.,,,,,,,
CUST_0396,3/8/2025 3:13:00,₹388.07,5,Nothing special.,,,,,,,
CUST_0106,3/8/2025 4:12:00,₹245.02,5,Delivery was okay.,,,,,,,
CUST_0262,3/8/2025 7:36:00,₹328.43,4,Very fast delivery.,,,,,,,
CUST_0321,3/8/2025 10:50:00,₹471.73,4,Product quality acceptable.,,,,,,,
CUST_0029,3/8/2025 17:01:00,₹696.06,5,Loved the discounts.,,,,,,,
CUST_0342,3/8/2025 19:03:00,₹540.57,3,App glitches caused trouble.,,,,,,,
CUST_0019,3/8/2025 20:29:00,₹488.72,2,Customer support unhelpful.,,,,,,,
CUST_0081,3/8/2025 23:30:00,₹387.20,4,Good quality products.,,,,,,,
CUST_0108,3/9/2025 10:05:00,₹444.09,4,Product quality acceptable.,,,,,,,
CUST_0440,3/9/2025 10:39:00,₹549.18,3,Good quality products.,,,,,,,
CUST_0420,3/9/2025 15:12:00,₹552.36,5,Very fast delivery.,,,,,,,
CUST_0263,3/9/2025 21:03:00,₹511.15,2,Wrong items delivered.,,,,,,,
CUST_0301,3/10/2025 0:36:00,₹577.75,4,Very fast delivery.,,,,,,,
CUST_0392,3/10/2025 5:07:00,₹279.14,3,Product quality acceptable.,,,,,,,
CUST_0384,3/10/2025 14:31:00,₹441.98,3,Neutral experience.,,,,,,,
CUST_0197,3/10/2025 20:53:00,₹582.27,3,Wrong items delivered.,,,,,,,
CUST_0122,3/11/2025 12:10:00,₹373.63,5,Good quality products.,,,,,,,
CUST_0288,3/11/2025 12:30:00,₹397.00,3,Delivery was okay.,,,,,,,
CUST_0224,3/11/2025 13:51:00,₹316.13,3,Product quality acceptable.,,,,,,,
CUST_0274,3/11/2025 16:38:00,₹337.17,3,Excellent service!,,,,,,,
CUST_0368,3/11/2025 17:34:00,₹364.74,5,Very fast delivery.,,,,,,,
CUST_0259,3/12/2025 4:10:00,₹450.07,5,Product quality acceptable.,,,,,,,
CUST_0283,3/12/2025 5:32:00,₹400.70,5,User friendly app.,,,,,,,
CUST_0446,3/12/2025 10:35:00,₹298.41,4,User friendly app.,,,,,,,
CUST_0230,3/13/2025 3:36:00,₹562.14,4,Neutral experience.,,,,,,,
CUST_0201,3/13/2025 6:01:00,₹561.92,5,Average service.,,,,,,,
CUST_0156,3/13/2025 16:23:00,₹294.61,4,Loved the discounts.,,,,,,,
CUST_0201,3/13/2025 21:10:00,₹326.12,3,Delivery was very late.,,,,,,,
CUST_0242,3/13/2025 22:39:00,₹642.83,2,Very bad experience.,,,,,,,
CUST_0290,3/14/2025 5:17:00,₹473.88,5,Average service.,,,,,,,
CUST_0165,3/14/2025 6:34:00,₹287.88,3,Delivery was okay.,,,,,,,
CUST_0386,3/14/2025 8:36:00,₹514.82,5,Average service.,,,,,,,
CUST_0367,3/14/2025 17:39:00,₹453.69,3,Product quality acceptable.,,,,,,,
CUST_0168,3/14/2025 19:05:00,₹397.78,1,Delivery was very late.,,,,,,,
CUST_0161,3/15/2025 1:24:00,₹338.76,4,Very fast delivery.,,,,,,,
CUST_0499,3/15/2025 4:19:00,₹269.86,5,Nothing special.,,,,,,,
CUST_0053,3/15/2025 8:38:00,₹476.61,5,Nothing special.,,,,,,,
CUST_0316,3/15/2025 15:22:00,₹202.26,5,Great experience overall.,,,,,,,
CUST_0272,3/15/2025 19:59:00,₹561.36,3,Very bad experience.,,,,,,,
CUST_0009,3/16/2025 0:41:00,₹271.36,3,User friendly app.,,,,,,,
CUST_0424,3/16/2025 2:21:00,₹261.57,3,Excellent service!,,,,,,,
CUST_0013,3/16/2025 3:14:00,₹611.63,4,Great experience overall.,,,,,,,
CUST_0054,3/16/2025 4:05:00,₹296.52,4,Neutral experience.,,,,,,,
CUST_0076,3/16/2025 8:44:00,₹375.51,5,Good quality products.,,,,,,,
CUST_0113,3/17/2025 1:02:00,₹276.19,3,Delivery was okay.,,,,,,,
CUST_0446,3/17/2025 8:25:00,₹365.55,3,Excellent service!,,,,,,,
CUST_0338,3/17/2025 18:30:00,₹319.33,1,App glitches caused trouble.,,,,,,,
CUST_0451,3/17/2025 18:57:00,₹407.24,1,App glitches caused trouble.,,,,,,,
CUST_0383,3/18/2025 5:13:00,₹167.71,3,Product quality acceptable.,,,,,,,
CUST_0419,3/18/2025 10:11:00,₹427.16,5,Product quality acceptable.,,,,,,,
CUST_0163,3/18/2025 14:15:00,₹344.29,5,User friendly app.,,,,,,,
CUST_0340,3/18/2025 14:24:00,₹373.59,3,Loved the discounts.,,,,,,,
CUST_0224,3/18/2025 16:07:00,₹405.15,5,Nothing special.,,,,,,,
CUST_0286,3/18/2025 18:04:00,₹302.44,3,Delivery was very late.,,,,,,,
CUST_0058,3/18/2025 19:13:00,₹469.86,2,Poor packaging.,,,,,,,
CUST_0477,3/19/2025 0:25:00,₹458.79,3,Neutral experience.,,,,,,,
CUST_0006,3/19/2025 10:09:00,₹306.16,4,User friendly app.,,,,,,,
CUST_0151,3/19/2025 10:56:00,₹513.11,5,Delivery was okay.,,,,,,,
CUST_0315,3/19/2025 11:15:00,₹346.87,4,Delivery was okay.,,,,,,,
CUST_0065,3/19/2025 19:18:00,₹437.73,3,Very bad experience.,,,,,,,
CUST_0175,3/19/2025 21:46:00,₹410.17,3,Very bad experience.,,,,,,,
CUST_0131,3/19/2025 22:14:00,₹418.74,1,App glitches caused trouble.,,,,,,,
CUST_0098,3/19/2025 22:48:00,₹373.90,1,Poor packaging.,,,,,,,
CUST_0244,3/19/2025 23:21:00,₹277.65,3,Very fast delivery.,,,,,,,
CUST_0290,3/20/2025 0:09:00,₹406.80,4,Average service.,,,,,,,
CUST_0408,3/20/2025 4:14:00,₹502.77,5,Very fast delivery.,,,,,,,
CUST_0101,3/21/2025 6:16:00,₹508.42,4,Good quality products.,,,,,,,
CUST_0404,3/21/2025 7:10:00,₹457.04,4,Loved the discounts.,,,,,,,
CUST_0152,3/21/2025 16:09:00,₹688.89,5,User friendly app.,,,,,,,
CUST_0369,3/21/2025 20:09:00,₹555.69,2,App glitches caused trouble.,,,,,,,
CUST_0027,3/21/2025 20:30:00,₹554.97,2,Delivery was very late.,,,,,,,
CUST_0344,3/22/2025 1:17:00,₹447.67,4,Neutral experience.,,,,,,,
CUST_0311,3/22/2025 2:53:00,₹552.65,4,Excellent service!,,,,,,,
CUST_0256,3/22/2025 6:30:00,₹425.41,4,Loved the discounts.,,,,,,,
CUST_0100,3/22/2025 11:00:00,₹85.15,2,Average service.,,,,,,,
CUST_0305,3/22/2025 23:18:00,₹283.23,3,Nothing special.,,,,,,,
CUST_0212,3/23/2025 10:12:00,₹382.32,5,Neutral experience.,,,,,,,
CUST_0258,3/23/2025 10:57:00,₹373.20,5,Delivery was okay.,,,,,,,
CUST_0135,3/23/2025 13:39:00,₹467.24,3,Great experience overall.,,,,,,,
CUST_0182,3/23/2025 14:17:00,₹595.38,3,Good quality products.,,,,,,,
CUST_0192,3/23/2025 16:04:00,₹527.47,5,Nothing special.,,,,,,,
CUST_0170,3/23/2025 18:20:00,₹321.51,2,Customer support unhelpful.,,,,,,,
CUST_0377,3/23/2025 20:35:00,₹255.25,1,Delivery was very late.,,,,,,,
CUST_0220,3/23/2025 21:08:00,₹307.91,1,Wrong items delivered.,,,,,,,
CUST_0238,3/24/2025 3:59:00,₹283.25,5,Good quality products.,,,,,,,
CUST_0357,3/24/2025 15:59:00,₹298.37,4,User friendly app.,,,,,,,
CUST_0441,3/24/2025 21:39:00,₹268.96,2,Poor packaging.,,,,,,,
CUST_0021,3/25/2025 4:09:00,₹488.37,3,Very fast delivery.,,,,,,,
CUST_0231,3/25/2025 6:09:00,₹217.04,4,User friendly app.,,,,,,,
CUST_0456,3/25/2025 7:14:00,₹298.69,4,Product quality acceptable.,,,,,,,
CUST_0252,3/25/2025 7:39:00,₹523.32,5,Nothing special.,,,,,,,
CUST_0062,3/25/2025 8:09:00,₹422.19,5,Loved the discounts.,,,,,,,
CUST_0151,3/25/2025 15:04:00,₹411.55,5,Delivery was okay.,,,,,,,
CUST_0385,3/26/2025 0:35:00,₹523.97,5,Delivery was okay.,,,,,,,
CUST_0116,3/26/2025 1:54:00,₹514.68,4,Neutral experience.,,,,,,,
CUST_0299,3/26/2025 6:24:00,₹441.39,5,Excellent service!,,,,,,,
CUST_0249,3/26/2025 7:38:00,₹556.90,3,User friendly app.,,,,,,,
CUST_0460,3/26/2025 8:08:00,₹368.35,3,Neutral experience.,,,,,,,
CUST_0385,3/26/2025 10:00:00,₹245.47,4,Great experience overall.,,,,,,,
CUST_0360,3/26/2025 11:04:00,₹253.52,5,User friendly app.,,,,,,,
CUST_0208,3/26/2025 21:27:00,₹430.46,1,Very bad experience.,,,,,,,
CUST_0107,3/27/2025 5:27:00,₹386.29,5,User friendly app.,,,,,,,
CUST_0058,3/27/2025 5:34:00,₹367.42,3,User friendly app.,,,,,,,
CUST_0346,3/27/2025 6:02:00,₹362.95,5,Excellent service!,,,,,,,
CUST_0233,3/27/2025 6:27:00,₹270.51,4,Delivery was okay.,,,,,,,
CUST_0082,3/27/2025 12:14:00,₹451.55,5,User friendly app.,,,,,,,
CUST_0147,3/27/2025 15:41:00,₹200.25,4,Nothing special.,,,,,,,
CUST_0048,3/27/2025 18:39:00,₹151.19,1,Delivery was very late.,,,,,,,
CUST_0323,3/27/2025 22:25:00,₹448.59,1,Delivery was very late.,,,,,,,
CUST_0051,3/28/2025 8:58:00,₹314.87,5,Product quality acceptable.,,,,,,,
CUST_0446,3/28/2025 10:47:00,₹389.84,4,Average service.,,,,,,,
CUST_0033,3/29/2025 0:53:00,₹508.19,3,Average service.,,,,,,,
CUST_0280,3/29/2025 8:48:00,₹394.12,3,Neutral experience.,,,,,,,
CUST_0357,3/29/2025 12:19:00,₹476.71,5,Great experience overall.,,,,,,,
CUST_0152,3/29/2025 16:47:00,₹401.72,4,Product quality acceptable.,,,,,,,
CUST_0187,3/29/2025 19:23:00,₹557.00,1,Delivery was very late.,,,,,,,
CUST_0126,3/29/2025 20:52:00,₹592.92,1,Wrong items delivered.,,,,,,,
CUST_0349,3/29/2025 21:19:00,₹352.92,3,Customer support unhelpful.,,,,,,,
CUST_0365,3/29/2025 21:35:00,₹253.83,1,Wrong items delivered.,,,,,,,
CUST_0352,3/29/2025 22:02:00,₹240.87,3,Delivery was very late.,,,,,,,
CUST_0463,3/29/2025 22:48:00,₹420.71,1,Wrong items delivered.,,,,,,,
CUST_0180,3/30/2025 7:20:00,₹415.98,5,Excellent service!,,,,,,,
CUST_0167,3/30/2025 10:56:00,₹490.71,5,User friendly app.,,,,,,,
CUST_0280,3/30/2025 13:35:00,₹450.26,4,Delivery was okay.,,,,,,,
CUST_0239,3/30/2025 16:01:00,₹540.38,4,User friendly app.,,,,,,,
CUST_0453,3/30/2025 22:25:00,₹234.27,1,App glitches caused trouble.,,,,,,,
CUST_0341,3/30/2025 23:38:00,₹453.84,5,Delivery was okay.,,,,,,,
CUST_0469,3/31/2025 4:32:00,₹246.63,4,Delivery was okay.,,,,,,,
CUST_0223,3/31/2025 9:34:00,₹375.45,3,Great experience overall.,,,,,,,
CUST_0367,3/31/2025 12:05:00,₹373.38,4,Good quality products.,,,,,,,
CUST_0489,3/31/2025 15:40:00,₹819.51,5,Loved the discounts.,,,,,,,
CUST_0321,3/31/2025 22:26:00,₹241.50,3,Wrong items delivered.,,,,,,,
CUST_0039,4/1/2025 0:48:00,₹293.69,4,Excellent service!,,,,,,,
CUST_0213,4/1/2025 2:20:00,₹446.87,5,Loved the discounts.,,,,,,,
CUST_0076,4/1/2025 5:31:00,₹68.67,2,Nothing special.,,,,,,,
CUST_0132,4/1/2025 11:56:00,₹429.19,3,Loved the discounts.,,,,,,,
CUST_0144,4/1/2025 22:18:00,₹474.35,1,Poor packaging.,,,,,,,
CUST_0484,4/2/2025 1:27:00,₹189.02,3,Nothing special.,,,,,,,
CUST_0384,4/2/2025 2:58:00,₹382.44,5,Excellent service!,,,,,,,
CUST_0117,4/2/2025 3:39:00,₹341.91,4,Average service.,,,,,,,
CUST_0013,4/2/2025 9:49:00,₹392.71,5,Loved the discounts.,,,,,,,
CUST_0318,4/2/2025 10:39:00,₹538.39,4,Average service.,,,,,,,
CUST_0374,4/2/2025 11:05:00,₹530.89,5,Average service.,,,,,,,
CUST_0051,4/2/2025 16:25:00,₹462.85,5,Product quality acceptable.,,,,,,,
CUST_0204,4/3/2025 2:06:00,₹277.55,4,Good quality products.,,,,,,,
CUST_0338,4/3/2025 3:24:00,₹205.86,4,Product quality acceptable.,,,,,,,
CUST_0271,4/3/2025 11:49:00,₹316.46,4,User friendly app.,,,,,,,
CUST_0240,4/3/2025 16:23:00,₹299.60,3,Nothing special.,,,,,,,
CUST_0255,4/3/2025 16:44:00,₹447.72,4,Great experience overall.,,,,,,,
CUST_0385,4/3/2025 20:43:00,₹478.56,1,Delivery was very late.,,,,,,,
CUST_0017,4/3/2025 21:59:00,₹394.22,3,Poor packaging.,,,,,,,
CUST_0453,4/4/2025 4:51:00,₹319.67,4,Delivery was okay.,,,,,,,
CUST_0131,4/4/2025 7:48:00,₹379.78,4,Product quality acceptable.,,,,,,,
CUST_0127,4/4/2025 8:32:00,₹420.84,4,Great experience overall.,,,,,,,
CUST_0496,4/4/2025 13:18:00,₹527.30,5,Very fast delivery.,,,,,,,
CUST_0203,4/4/2025 13:23:00,₹422.19,3,Loved the discounts.,,,,,,,
CUST_0099,4/4/2025 14:29:00,₹602.66,4,Very fast delivery.,,,,,,,
CUST_0122,4/4/2025 16:31:00,₹400.58,5,Loved the discounts.,,,,,,,
CUST_0112,4/4/2025 21:53:00,₹497.43,2,Poor packaging.,,,,,,,
CUST_0092,4/5/2025 1:58:00,₹261.12,5,Great experience overall.,,,,,,,
CUST_0190,4/5/2025 7:10:00,₹607.01,4,User friendly app.,,,,,,,
CUST_0418,4/5/2025 9:33:00,₹436.68,5,Neutral experience.,,,,,,,
CUST_0349,4/5/2025 17:45:00,₹502.45,4,Product quality acceptable.,,,,,,,
CUST_0252,4/5/2025 21:59:00,₹494.15,3,Very bad experience.,,,,,,,
CUST_0229,4/6/2025 7:44:00,₹585.49,3,Good quality products.,,,,,,,
CUST_0346,4/6/2025 20:19:00,₹405.10,2,Very bad experience.,,,,,,,
CUST_0488,4/7/2025 1:34:00,₹311.38,4,Average service.,,,,,,,
CUST_0126,4/7/2025 2:39:00,₹707.50,5,Loved the discounts.,,,,,,,
CUST_0127,4/7/2025 8:20:00,₹387.51,4,Product quality acceptable.,,,,,,,
CUST_0181,4/7/2025 9:33:00,₹336.64,4,Average service.,,,,,,,
CUST_0367,4/7/2025 14:33:00,₹529.05,3,Neutral experience.,,,,,,,
CUST_0326,4/8/2025 8:02:00,₹371.09,4,Nothing special.,,,,,,,
CUST_0014,4/8/2025 8:44:00,₹393.76,4,Very fast delivery.,,,,,,,
CUST_0492,4/8/2025 9:53:00,₹101.37,3,Neutral experience.,,,,,,,
CUST_0118,4/8/2025 15:06:00,₹547.90,4,Product quality acceptable.,,,,,,,
CUST_0241,4/8/2025 18:32:00,₹325.40,2,Poor packaging.,,,,,,,
CUST_0147,4/8/2025 23:39:00,₹241.21,4,Very fast delivery.,,,,,,,
CUST_0228,4/9/2025 0:35:00,₹595.40,3,Excellent service!,,,,,,,
CUST_0474,4/9/2025 1:37:00,₹496.14,4,Very fast delivery.,,,,,,,
CUST_0103,4/9/2025 5:41:00,₹234.87,5,Nothing special.,,,,,,,
CUST_0160,4/9/2025 7:01:00,₹502.13,5,Average service.,,,,,,,
CUST_0144,4/9/2025 16:11:00,₹373.85,3,Good quality products.,,,,,,,
CUST_0160,4/9/2025 17:36:00,₹421.82,4,Delivery was okay.,,,,,,,
CUST_0373,4/10/2025 2:22:00,₹428.07,4,Nothing special.,,,,,,,
CUST_0342,4/10/2025 2:32:00,₹668.35,5,Good quality products.,,,,,,,
CUST_0442,4/10/2025 11:00:00,₹394.61,3,Product quality acceptable.,,,,,,,
CUST_0271,4/10/2025 14:48:00,₹193.75,3,Nothing special.,,,,,,,
CUST_0464,4/11/2025 0:04:00,₹527.84,3,Great experience overall.,,,,,,,
CUST_0308,4/11/2025 1:22:00,₹413.63,3,User friendly app.,,,,,,,
CUST_0391,4/11/2025 13:49:00,₹420.33,5,Nothing special.,,,,,,,
CUST_0158,4/11/2025 16:58:00,₹526.50,4,Good quality products.,,,,,,,
CUST_0478,4/11/2025 18:29:00,₹336.75,3,Very bad experience.,,,,,,,
CUST_0428,4/11/2025 22:47:00,₹436.83,1,Poor packaging.,,,,,,,
CUST_0413,4/11/2025 23:18:00,₹535.16,3,Good quality products.,,,,,,,
CUST_0257,4/12/2025 0:31:00,₹423.94,5,Product quality acceptable.,,,,,,,
CUST_0409,4/12/2025 13:08:00,₹395.41,5,Nothing special.,,,,,,,
CUST_0379,4/12/2025 21:54:00,₹398.42,2,Customer support unhelpful.,,,,,,,
CUST_0215,4/12/2025 23:48:00,₹652.68,4,Great experience overall.,,,,,,,
CUST_0252,4/13/2025 4:47:00,₹441.95,5,Excellent service!,,,,,,,
CUST_0053,4/13/2025 6:39:00,₹309.34,4,Loved the discounts.,,,,,,,
CUST_0041,4/13/2025 9:48:00,₹295.57,3,Loved the discounts.,,,,,,,
CUST_0099,4/13/2025 10:12:00,₹577.93,4,Very fast delivery.,,,,,,,
CUST_0288,4/13/2025 13:03:00,₹445.44,4,Excellent service!,,,,,,,
CUST_0295,4/13/2025 17:58:00,₹344.75,5,User friendly app.,,,,,,,
CUST_0153,4/13/2025 20:17:00,₹342.27,1,Delivery was very late.,,,,,,,
CUST_0231,4/13/2025 21:56:00,₹594.59,2,App glitches caused trouble.,,,,,,,
CUST_0340,4/14/2025 1:14:00,₹498.49,5,Average service.,,,,,,,
CUST_0135,4/14/2025 6:30:00,₹439.62,3,Great experience overall.,,,,,,,
CUST_0480,4/14/2025 7:32:00,₹349.55,5,Neutral experience.,,,,,,,
CUST_0411,4/14/2025 8:39:00,₹633.23,5,User friendly app.,,,,,,,
CUST_0416,4/14/2025 14:48:00,₹394.63,5,Good quality products.,,,,,,,
CUST_0270,4/14/2025 16:08:00,₹325.69,4,User friendly app.,,,,,,,
CUST_0490,4/14/2025 20:12:00,₹604.68,1,App glitches caused trouble.,,,,,,,
CUST_0450,4/14/2025 20:37:00,₹443.17,1,Delivery was very late.,,,,,,,
CUST_0253,4/15/2025 7:23:00,₹582.03,5,Average service.,,,,,,,
CUST_0298,4/15/2025 8:31:00,₹167.99,3,Product quality acceptable.,,,,,,,
CUST_0393,4/16/2025 0:23:00,₹257.69,4,Loved the discounts.,,,,,,,
CUST_0396,4/16/2025 2:51:00,₹205.25,5,Excellent service!,,,,,,,
CUST_0050,4/16/2025 3:14:00,₹277.21,5,User friendly app.,,,,,,,
CUST_0251,4/16/2025 15:31:00,₹366.15,4,Nothing special.,,,,,,,
CUST_0309,4/16/2025 18:38:00,₹306.65,2,App glitches caused trouble.,,,,,,,
CUST_0466,4/17/2025 5:52:00,₹321.33,5,Excellent service!,,,,,,,
CUST_0472,4/17/2025 12:01:00,₹666.25,4,Excellent service!,,,,,,,
CUST_0014,4/17/2025 12:02:00,₹582.02,5,Nothing special.,,,,,,,
CUST_0227,4/17/2025 21:11:00,₹296.32,3,App glitches caused trouble.,,,,,,,
CUST_0331,4/17/2025 22:52:00,₹296.10,3,Delivery was very late.,,,,,,,
CUST_0423,4/17/2025 23:46:00,₹307.53,4,Average service.,,,,,,,
CUST_0092,4/18/2025 3:25:00,₹575.09,5,User friendly app.,,,,,,,
CUST_0257,4/18/2025 7:56:00,₹403.89,4,Nothing special.,,,,,,,
CUST_0218,4/18/2025 10:02:00,₹573.63,4,User friendly app.,,,,,,,
CUST_0441,4/18/2025 11:38:00,₹303.52,4,Product quality acceptable.,,,,,,,
CUST_0173,4/19/2025 8:03:00,₹244.01,5,Loved the discounts.,,,,,,,
CUST_0122,4/19/2025 8:45:00,₹292.03,5,Product quality acceptable.,,,,,,,
CUST_0369,4/19/2025 10:38:00,₹270.19,5,User friendly app.,,,,,,,
CUST_0264,4/19/2025 12:56:00,₹510.01,5,Neutral experience.,,,,,,,
CUST_0323,4/19/2025 17:21:00,₹292.35,4,Good quality products.,,,,,,,
CUST_0283,4/19/2025 18:46:00,₹191.07,1,Delivery was very late.,,,,,,,
CUST_0451,4/19/2025 19:17:00,₹577.32,1,App glitches caused trouble.,,,,,,,
CUST_0001,4/19/2025 19:48:00,₹361.02,1,App glitches caused trouble.,,,,,,,
CUST_0456,4/19/2025 20:55:00,₹515.42,2,Very bad experience.,,,,,,,
CUST_0052,4/20/2025 20:06:00,₹499.95,2,Delivery was very late.,,,,,,,
CUST_0432,4/20/2025 20:09:00,₹252.91,1,Customer support unhelpful.,,,,,,,
CUST_0235,4/20/2025 21:51:00,₹423.23,2,App glitches caused trouble.,,,,,,,
CUST_0386,4/20/2025 22:41:00,₹341.11,2,Customer support unhelpful.,,,,,,,
CUST_0393,4/21/2025 2:44:00,₹392.57,3,User friendly app.,,,,,,,
CUST_0173,4/21/2025 14:52:00,₹244.48,4,Very fast delivery.,,,,,,,
CUST_0233,4/21/2025 15:53:00,₹368.87,5,Neutral experience.,,,,,,,
CUST_0281,4/21/2025 17:41:00,₹440.81,5,Delivery was okay.,,,,,,,
CUST_0192,4/21/2025 22:51:00,₹357.05,2,App glitches caused trouble.,,,,,,,
CUST_0253,4/22/2025 8:11:00,₹484.15,5,Very fast delivery.,,,,,,,
CUST_0066,4/22/2025 9:29:00,₹378.02,4,Average service.,,,,,,,
CUST_0198,4/22/2025 12:42:00,₹415.73,4,Nothing special.,,,,,,,
CUST_0355,4/22/2025 12:50:00,₹662.57,5,Excellent service!,,,,,,,
CUST_0346,4/22/2025 17:39:00,₹427.98,4,Very fast delivery.,,,,,,,
CUST_0476,4/23/2025 3:01:00,₹593.22,4,Nothing special.,,,,,,,
CUST_0192,4/23/2025 4:18:00,₹697.53,4,Very fast delivery.,,,,,,,
CUST_0100,4/23/2025 4:44:00,₹395.32,4,Product quality acceptable.,,,,,,,
CUST_0230,4/23/2025 5:17:00,₹437.40,5,Great experience overall.,,,,,,,
CUST_0023,4/23/2025 7:34:00,₹606.38,5,User friendly app.,,,,,,,
CUST_0104,4/23/2025 12:40:00,₹301.91,4,Nothing special.,,,,,,,
CUST_0041,4/23/2025 17:01:00,₹462.35,4,Loved the discounts.,,,,,,,
CUST_0386,4/23/2025 19:38:00,₹503.77,2,Poor packaging.,,,,,,,
CUST_0374,4/24/2025 7:30:00,₹418.19,4,Delivery was okay.,,,,,,,
CUST_0285,4/24/2025 8:34:00,₹179.38,2,Average service.,,,,,,,
CUST_0190,4/24/2025 13:50:00,₹256.75,3,Average service.,,,,,,,
CUST_0103,4/24/2025 16:20:00,₹207.12,4,Neutral experience.,,,,,,,
CUST_0484,4/25/2025 0:36:00,₹417.43,3,Very fast delivery.,,,,,,,
CUST_0220,4/25/2025 1:38:00,₹427.59,4,Excellent service!,,,,,,,
CUST_0431,4/25/2025 8:48:00,₹350.27,5,Great experience overall.,,,,,,,
CUST_0176,4/25/2025 15:03:00,₹394.17,4,Average service.,,,,,,,
CUST_0304,4/25/2025 21:10:00,₹489.35,2,Poor packaging.,,,,,,,
CUST_0161,4/25/2025 23:04:00,₹466.82,5,Good quality products.,,,,,,,
CUST_0012,4/25/2025 23:48:00,₹452.07,5,Nothing special.,,,,,,,
CUST_0223,4/26/2025 0:54:00,₹479.37,5,Product quality acceptable.,,,,,,,
CUST_0039,4/26/2025 4:01:00,₹395.57,3,Great experience overall.,,,,,,,
CUST_0355,4/26/2025 7:47:00,₹574.61,4,User friendly app.,,,,,,,
CUST_0007,4/26/2025 7:54:00,₹97.94,2,Nothing special.,,,,,,,
CUST_0396,4/26/2025 11:56:00,₹507.40,4,User friendly app.,,,,,,,
CUST_0150,4/26/2025 13:01:00,₹424.23,4,Excellent service!,,,,,,,
CUST_0345,4/27/2025 1:09:00,₹471.77,4,Very fast delivery.,,,,,,,
CUST_0001,4/27/2025 4:51:00,₹413.28,3,Average service.,,,,,,,
CUST_0218,4/27/2025 4:54:00,₹320.71,3,User friendly app.,,,,,,,
CUST_0442,4/27/2025 6:13:00,₹296.05,3,Great experience overall.,,,,,,,
CUST_0143,4/27/2025 11:01:00,₹442.94,4,Nothing special.,,,,,,,
CUST_0284,4/27/2025 11:23:00,₹435.01,3,Product quality acceptable.,,,,,,,
CUST_0388,4/27/2025 11:24:00,₹395.52,3,Neutral experience.,,,,,,,
CUST_0058,4/27/2025 14:33:00,₹379.83,5,Excellent service!,,,,,,,
CUST_0151,4/27/2025 16:16:00,₹420.66,4,Nothing special.,,,,,,,
CUST_0095,4/27/2025 21:42:00,₹435.12,2,Wrong items delivered.,,,,,,,
CUST_0141,4/28/2025 2:03:00,₹327.62,4,User friendly app.,,,,,,,
CUST_0096,4/28/2025 4:07:00,₹277.92,4,Product quality acceptable.,,,,,,,
CUST_0004,4/28/2025 9:43:00,₹631.31,5,Loved the discounts.,,,,,,,
CUST_0325,4/28/2025 10:00:00,₹489.89,3,User friendly app.,,,,,,,
CUST_0164,4/28/2025 14:39:00,₹310.10,3,Good quality products.,,,,,,,
CUST_0461,4/28/2025 22:27:00,₹552.48,1,Delivery was very late.,,,,,,,
CUST_0147,4/28/2025 23:44:00,₹442.55,4,Delivery was okay.,,,,,,,
CUST_0035,4/29/2025 0:48:00,₹488.57,5,Product quality acceptable.,,,,,,,
CUST_0408,4/29/2025 4:48:00,₹520.32,4,User friendly app.,,,,,,,
CUST_0415,4/29/2025 12:34:00,₹602.03,5,Great experience overall.,,,,,,,
CUST_0388,4/29/2025 13:31:00,₹500.50,4,Average service.,,,,,,,
CUST_0477,4/30/2025 1:34:00,₹579.23,5,Great experience overall.,,,,,,,
CUST_0201,4/30/2025 8:03:00,₹361.87,3,Great experience overall.,,,,,,,
CUST_0354,4/30/2025 10:06:00,₹300.23,5,Delivery was okay.,,,,,,,
CUST_0170,4/30/2025 17:18:00,₹455.24,5,Average service.,,,,,,,
CUST_0424,4/30/2025 20:41:00,₹670.81,1,App glitches caused trouble.,,,,,,,
CUST_0302,4/30/2025 21:27:00,₹400.96,3,Customer support unhelpful.,,,,,,,
CUST_0084,5/1/2025 3:38:00,₹188.21,3,Product quality acceptable.,,,,,,,
CUST_0443,5/1/2025 17:05:00,₹334.10,4,Product quality acceptable.,,,,,,,
CUST_0314,5/1/2025 21:11:00,₹572.25,1,Delivery was very late.,,,,,,,
CUST_0308,5/3/2025 0:58:00,₹225.18,4,Very fast delivery.,,,,,,,
CUST_0028,5/3/2025 8:53:00,₹374.35,4,Neutral experience.,,,,,,,
CUST_0331,5/3/2025 13:26:00,₹327.68,3,Excellent service!,,,,,,,
CUST_0052,5/3/2025 14:07:00,₹512.05,4,Good quality products.,,,,,,,
CUST_0128,5/3/2025 19:46:00,₹298.31,3,Wrong items delivered.,,,,,,,
CUST_0404,5/3/2025 20:46:00,₹50.00,2,Poor packaging.,,,,,,,
CUST_0273,5/4/2025 4:19:00,₹488.08,5,Great experience overall.,,,,,,,
CUST_0046,5/4/2025 5:02:00,₹280.03,4,User friendly app.,,,,,,,
CUST_0063,5/4/2025 7:00:00,₹426.39,5,Average service.,,,,,,,
CUST_0380,5/4/2025 9:11:00,₹451.13,4,Good quality products.,,,,,,,
CUST_0154,5/4/2025 10:01:00,₹350.00,4,Neutral experience.,,,,,,,
CUST_0471,5/4/2025 12:48:00,₹368.52,5,Delivery was okay.,,,,,,,
CUST_0113,5/4/2025 21:24:00,₹407.48,1,Poor packaging.,,,,,,,
CUST_0255,5/4/2025 21:52:00,₹301.72,1,Very bad experience.,,,,,,,
CUST_0233,5/5/2025 8:00:00,₹378.02,3,Very fast delivery.,,,,,,,
CUST_0096,5/5/2025 22:48:00,₹446.75,1,Very bad experience.,,,,,,,
CUST_0388,5/5/2025 23:37:00,₹267.73,5,Average service.,,,,,,,
CUST_0072,5/6/2025 4:37:00,₹381.12,5,User friendly app.,,,,,,,
CUST_0402,5/6/2025 5:31:00,₹428.36,3,Good quality products.,,,,,,,
CUST_0459,5/6/2025 7:38:00,₹393.90,5,Excellent service!,,,,,,,
CUST_0236,5/6/2025 10:53:00,₹251.01,4,Good quality products.,,,,,,,
CUST_0322,5/6/2025 11:09:00,₹483.71,4,Neutral experience.,,,,,,,
CUST_0272,5/6/2025 13:00:00,₹573.71,4,Product quality acceptable.,,,,,,,
CUST_0431,5/6/2025 23:54:00,₹194.51,2,Delivery was okay.,,,,,,,
CUST_0476,5/7/2025 7:09:00,₹287.12,4,Neutral experience.,,,,,,,
CUST_0484,5/8/2025 1:32:00,₹275.42,3,Product quality acceptable.,,,,,,,
CUST_0365,5/8/2025 3:02:00,₹528.91,4,User friendly app.,,,,,,,
CUST_0283,5/8/2025 6:11:00,₹459.18,5,Good quality products.,,,,,,,
CUST_0456,5/8/2025 6:20:00,₹411.32,4,Very fast delivery.,,,,,,,
CUST_0410,5/8/2025 22:14:00,₹476.36,3,App glitches caused trouble.,,,,,,,
CUST_0215,5/8/2025 23:02:00,₹497.34,5,Excellent service!,,,,,,,
CUST_0057,5/9/2025 0:09:00,₹377.10,5,Delivery was okay.,,,,,,,
CUST_0144,5/9/2025 5:45:00,₹391.85,4,Neutral experience.,,,,,,,
CUST_0148,5/9/2025 7:26:00,₹327.10,5,Neutral experience.,,,,,,,
CUST_0271,5/10/2025 0:20:00,₹411.72,5,Loved the discounts.,,,,,,,
CUST_0441,5/10/2025 7:13:00,₹444.82,3,Loved the discounts.,,,,,,,
CUST_0476,5/10/2025 12:14:00,₹346.70,5,Excellent service!,,,,,,,
CUST_0409,5/10/2025 12:54:00,₹593.41,3,Very fast delivery.,,,,,,,
CUST_0342,5/11/2025 5:40:00,₹459.60,3,Neutral experience.,,,,,,,
CUST_0128,5/11/2025 5:59:00,₹363.11,5,Nothing special.,,,,,,,
CUST_0180,5/11/2025 6:09:00,₹174.71,3,Product quality acceptable.,,,,,,,
CUST_0340,5/11/2025 8:37:00,₹341.37,5,Nothing special.,,,,,,,
CUST_0238,5/11/2025 12:07:00,₹344.83,4,Good quality products.,,,,,,,
CUST_0490,5/11/2025 15:03:00,₹284.28,5,Neutral experience.,,,,,,,
CUST_0361,5/11/2025 20:07:00,₹596.42,1,Delivery was very late.,,,,,,,
CUST_0005,5/12/2025 3:29:00,₹424.25,4,Nothing special.,,,,,,,
CUST_0376,5/12/2025 3:46:00,₹492.79,5,Average service.,,,,,,,
CUST_0194,5/12/2025 15:42:00,₹527.05,3,Neutral experience.,,,,,,,
CUST_0152,5/12/2025 19:05:00,₹549.74,2,Wrong items delivered.,,,,,,,
CUST_0268,5/12/2025 20:25:00,₹591.53,3,Customer support unhelpful.,,,,,,,
CUST_0371,5/12/2025 20:48:00,₹563.82,1,Very bad experience.,,,,,,,
CUST_0234,5/13/2025 1:11:00,₹417.99,4,Very fast delivery.,,,,,,,
CUST_0178,5/14/2025 4:07:00,₹549.55,3,Delivery was okay.,,,,,,,
CUST_0151,5/15/2025 1:59:00,₹485.01,3,User friendly app.,,,,,,,
CUST_0049,5/15/2025 3:55:00,₹438.93,5,Great experience overall.,,,,,,,
CUST_0397,5/15/2025 13:06:00,₹395.61,3,Average service.,,,,,,,
CUST_0439,5/15/2025 23:43:00,₹380.97,4,Neutral experience.,,,,,,,
CUST_0450,5/16/2025 1:49:00,₹226.73,5,Great experience overall.,,,,,,,
CUST_0296,5/16/2025 4:13:00,₹480.65,4,Good quality products.,,,,,,,
CUST_0178,5/16/2025 8:24:00,₹358.55,4,Product quality acceptable.,,,,,,,
CUST_0173,5/16/2025 13:21:00,₹580.07,5,Very fast delivery.,,,,,,,
CUST_0020,5/16/2025 18:25:00,₹335.20,2,Delivery was very late.,,,,,,,
CUST_0471,5/17/2025 3:29:00,₹486.71,5,Product quality acceptable.,,,,,,,
CUST_0403,5/17/2025 12:05:00,₹512.25,5,Average service.,,,,,,,
CUST_0371,5/17/2025 13:10:00,₹354.60,3,Product quality acceptable.,,,,,,,
CUST_0128,5/17/2025 21:20:00,₹313.69,1,Very bad experience.,,,,,,,
CUST_0304,5/17/2025 22:43:00,₹676.05,2,Customer support unhelpful.,,,,,,,
CUST_0303,5/18/2025 17:35:00,₹409.60,4,Good quality products.,,,,,,,
CUST_0265,5/18/2025 19:17:00,₹453.46,2,Customer support unhelpful.,,,,,,,
CUST_0455,5/18/2025 20:03:00,₹533.34,2,Poor packaging.,,,,,,,
CUST_0054,5/19/2025 1:32:00,₹553.00,4,Neutral experience.,,,,,,,
CUST_0220,5/19/2025 1:54:00,₹399.42,4,Product quality acceptable.,,,,,,,
CUST_0458,5/19/2025 4:02:00,₹478.14,4,Neutral experience.,,,,,,,
CUST_0081,5/19/2025 6:14:00,₹292.14,4,Loved the discounts.,,,,,,,
CUST_0313,5/19/2025 10:44:00,₹383.93,5,Great experience overall.,,,,,,,
CUST_0070,5/19/2025 11:08:00,₹542.10,4,Very fast delivery.,,,,,,,
CUST_0307,5/19/2025 11:50:00,₹437.45,5,Very fast delivery.,,,,,,,
CUST_0214,5/19/2025 18:53:00,₹422.18,1,Wrong items delivered.,,,,,,,
CUST_0186,5/20/2025 11:47:00,₹587.31,5,Good quality products.,,,,,,,
CUST_0493,5/20/2025 18:23:00,₹533.05,1,Customer support unhelpful.,,,,,,,
CUST_0129,5/20/2025 23:51:00,₹426.31,4,Neutral experience.,,,,,,,
CUST_0380,5/21/2025 1:59:00,₹392.61,3,Nothing special.,,,,,,,
CUST_0418,5/21/2025 3:53:00,₹422.77,4,Good quality products.,,,,,,,
CUST_0294,5/21/2025 9:42:00,₹89.13,3,Neutral experience.,,,,,,,
CUST_0247,5/21/2025 13:09:00,₹492.52,3,Neutral experience.,,,,,,,
CUST_0189,5/21/2025 15:53:00,₹412.74,3,Average service.,,,,,,,
CUST_0029,5/21/2025 21:18:00,₹478.29,2,Wrong items delivered.,,,,,,,
CUST_0264,5/22/2025 4:46:00,₹384.34,4,Excellent service!,,,,,,,
CUST_0346,5/22/2025 7:39:00,₹169.06,2,Nothing special.,,,,,,,
CUST_0379,5/22/2025 7:59:00,₹265.23,3,Neutral experience.,,,,,,,
CUST_0265,5/22/2025 21:33:00,₹389.97,1,Delivery was very late.,,,,,,,
CUST_0461,5/22/2025 23:53:00,₹630.28,5,User friendly app.,,,,,,,
CUST_0391,5/23/2025 12:08:00,₹412.47,5,User friendly app.,,,,,,,
CUST_0160,5/23/2025 16:30:00,₹469.24,4,Delivery was okay.,,,,,,,
CUST_0447,5/24/2025 0:11:00,₹579.27,4,Loved the discounts.,,,,,,,
CUST_0055,5/24/2025 2:51:00,₹430.96,4,Delivery was okay.,,,,,,,
CUST_0177,5/24/2025 5:04:00,₹483.20,5,Product quality acceptable.,,,,,,,
CUST_0121,5/24/2025 6:39:00,₹487.75,5,Loved the discounts.,,,,,,,
CUST_0434,5/24/2025 8:16:00,₹269.75,3,Loved the discounts.,,,,,,,
CUST_0246,5/24/2025 8:16:00,₹463.62,3,Excellent service!,,,,,,,
CUST_0053,5/24/2025 11:18:00,₹720.82,5,Good quality products.,,,,,,,
CUST_0114,5/24/2025 11:26:00,₹405.26,4,Loved the discounts.,,,,,,,
CUST_0393,5/24/2025 17:29:00,₹399.58,5,Great experience overall.,,,,,,,
CUST_0217,5/24/2025 21:44:00,₹140.03,3,App glitches caused trouble.,,,,,,,
CUST_0168,5/24/2025 23:20:00,₹329.41,5,Excellent service!,,,,,,,
CUST_0174,5/25/2025 17:16:00,₹413.57,5,Good quality products.,,,,,,,
CUST_0456,5/26/2025 0:05:00,₹439.52,5,Product quality acceptable.,,,,,,,
CUST_0220,5/26/2025 6:15:00,₹186.08,3,Product quality acceptable.,,,,,,,
CUST_0329,5/26/2025 14:24:00,₹419.36,5,User friendly app.,,,,,,,
CUST_0022,5/26/2025 14:56:00,₹476.19,4,Great experience overall.,,,,,,,
CUST_0062,5/26/2025 16:13:00,₹296.91,4,User friendly app.,,,,,,,
CUST_0283,5/26/2025 20:10:00,₹246.37,3,App glitches caused trouble.,,,,,,,
CUST_0215,5/27/2025 21:14:00,₹201.72,2,App glitches caused trouble.,,,,,,,
CUST_0289,5/27/2025 21:38:00,₹190.19,3,Delivery was very late.,,,,,,,
CUST_0341,5/27/2025 23:11:00,₹154.37,2,Nothing special.,,,,,,,
CUST_0473,5/28/2025 1:23:00,₹560.54,5,Loved the discounts.,,,,,,,
CUST_0284,5/28/2025 1:35:00,₹361.21,5,User friendly app.,,,,,,,
CUST_0222,5/28/2025 3:33:00,₹443.99,4,Excellent service!,,,,,,,
CUST_0436,5/28/2025 3:41:00,₹525.02,4,Loved the discounts.,,,,,,,
CUST_0142,5/28/2025 19:45:00,₹234.10,1,Wrong items delivered.,,,,,,,
CUST_0112,5/29/2025 0:21:00,₹570.43,4,Neutral experience.,,,,,,,
CUST_0373,5/29/2025 2:58:00,₹225.62,4,Very fast delivery.,,,,,,,
CUST_0058,5/29/2025 4:19:00,₹488.47,4,Good quality products.,,,,,,,
CUST_0009,5/29/2025 5:12:00,₹383.59,3,Neutral experience.,,,,,,,
CUST_0051,5/29/2025 6:53:00,₹442.04,4,Nothing special.,,,,,,,
CUST_0190,5/29/2025 12:32:00,₹503.25,4,User friendly app.,,,,,,,
CUST_0417,5/29/2025 12:52:00,₹559.81,5,Nothing special.,,,,,,,
CUST_0099,5/29/2025 13:15:00,₹400.33,3,Loved the discounts.,,,,,,,
CUST_0096,5/29/2025 15:05:00,₹422.54,3,Excellent service!,,,,,,,
CUST_0337,5/29/2025 18:22:00,₹225.66,3,Very bad experience.,,,,,,,
CUST_0192,5/30/2025 4:04:00,₹321.41,5,User friendly app.,,,,,,,
CUST_0167,5/30/2025 4:27:00,₹352.62,3,Very fast delivery.,,,,,,,
CUST_0327,5/30/2025 11:19:00,₹427.58,5,Neutral experience.,,,,,,,
CUST_0491,5/30/2025 20:16:00,₹492.18,3,Poor packaging.,,,,,,,
CUST_0136,5/30/2025 20:20:00,₹442.60,2,Wrong items delivered.,,,,,,,
CUST_0158,5/30/2025 20:54:00,₹286.95,2,App glitches caused trouble.,,,,,,,
CUST_0221,5/31/2025 7:20:00,₹223.00,3,Loved the discounts.,,,,,,,
CUST_0325,5/31/2025 8:40:00,₹164.99,2,Neutral experience.,,,,,,,
CUST_0095,5/31/2025 11:55:00,₹356.02,5,Great experience overall.,,,,,,,
CUST_0170,5/31/2025 13:22:00,₹460.39,4,Very fast delivery.,,,,,,,
CUST_0222,5/31/2025 13:42:00,₹556.82,4,Product quality acceptable.,,,,,,,
CUST_0187,5/31/2025 16:03:00,₹315.35,3,Average service.,,,,,,,
CUST_0060,5/31/2025 17:49:00,₹335.83,3,Loved the discounts.,,,,,,,
CUST_0058,5/31/2025 19:24:00,₹470.26,1,Poor packaging.,,,,,,,
CUST_0444,6/1/2025 0:52:00,₹480.93,5,Great experience overall.,,,,,,,
CUST_0240,6/1/2025 6:27:00,₹294.83,5,Neutral experience.,,,,,,,
CUST_0314,6/1/2025 9:07:00,₹524.34,4,User friendly app.,,,,,,,
CUST_0126,6/1/2025 9:29:00,₹433.81,3,Good quality products.,,,,,,,
CUST_0493,6/1/2025 19:10:00,₹140.14,2,Poor packaging.,,,,,,,
CUST_0247,6/1/2025 23:03:00,₹299.36,4,Delivery was okay.,,,,,,,
CUST_0010,6/2/2025 11:33:00,₹420.24,5,Good quality products.,,,,,,,
CUST_0225,6/2/2025 13:01:00,₹368.69,4,Excellent service!,,,,,,,
CUST_0470,6/2/2025 16:58:00,₹301.31,4,User friendly app.,,,,,,,
CUST_0145,6/2/2025 18:14:00,₹463.35,1,Very bad experience.,,,,,,,
CUST_0022,6/2/2025 18:54:00,₹355.81,3,Delivery was very late.,,,,,,,
CUST_0330,6/2/2025 22:38:00,₹468.63,1,Wrong items delivered.,,,,,,,
CUST_0163,6/2/2025 22:49:00,₹367.01,3,Delivery was very late.,,,,,,,
CUST_0372,6/3/2025 5:40:00,₹563.51,4,Loved the discounts.,,,,,,,
CUST_0063,6/3/2025 12:54:00,₹561.60,4,Product quality acceptable.,,,,,,,
CUST_0237,6/3/2025 13:25:00,₹383.63,3,User friendly app.,,,,,,,
CUST_0218,6/3/2025 23:18:00,₹352.75,4,Nothing special.,,,,,,,
CUST_0005,6/4/2025 0:23:00,₹478.42,4,Average service.,,,,,,,
CUST_0144,6/4/2025 9:00:00,₹424.63,4,Nothing special.,,,,,,,
CUST_0020,6/4/2025 14:24:00,₹460.85,5,Loved the discounts.,,,,,,,
CUST_0148,6/4/2025 14:37:00,₹536.52,5,Good quality products.,,,,,,,
CUST_0094,6/4/2025 19:28:00,₹294.23,1,Poor packaging.,,,,,,,
CUST_0490,6/4/2025 22:07:00,₹480.58,3,Very bad experience.,,,,,,,
CUST_0312,6/4/2025 22:56:00,₹547.84,1,Wrong items delivered.,,,,,,,
CUST_0420,6/5/2025 3:19:00,₹303.88,3,Neutral experience.,,,,,,,
CUST_0186,6/5/2025 6:21:00,₹458.10,5,Good quality products.,,,,,,,
CUST_0108,6/5/2025 6:40:00,₹517.31,5,Neutral experience.,,,,,,,
CUST_0146,6/5/2025 8:39:00,₹506.11,4,Product quality acceptable.,,,,,,,
CUST_0453,6/5/2025 11:02:00,₹292.14,3,Very fast delivery.,,,,,,,
CUST_0385,6/5/2025 11:06:00,₹296.80,3,Very fast delivery.,,,,,,,
CUST_0172,6/5/2025 14:13:00,₹422.46,5,Delivery was okay.,,,,,,,
CUST_0039,6/5/2025 15:33:00,₹405.01,4,Product quality acceptable.,,,,,,,
CUST_0487,6/5/2025 19:02:00,₹361.09,1,Poor packaging.,,,,,,,
CUST_0402,6/6/2025 10:35:00,₹295.84,5,Excellent service!,,,,,,,
CUST_0314,6/6/2025 10:42:00,₹410.24,4,Delivery was okay.,,,,,,,
CUST_0239,6/6/2025 10:48:00,₹306.71,5,Product quality acceptable.,,,,,,,
CUST_0131,6/6/2025 11:55:00,₹342.35,5,Very fast delivery.,,,,,,,
CUST_0443,6/7/2025 2:40:00,₹357.42,3,Delivery was okay.,,,,,,,
CUST_0033,6/7/2025 6:10:00,₹464.66,3,Good quality products.,,,,,,,
CUST_0164,6/7/2025 13:44:00,₹369.47,4,Good quality products.,,,,,,,
CUST_0256,6/7/2025 22:23:00,₹503.74,3,Poor packaging.,,,,,,,
CUST_0247,6/8/2025 12:30:00,₹307.96,4,Loved the discounts.,,,,,,,
CUST_0367,6/8/2025 13:56:00,₹627.61,4,User friendly app.,,,,,,,
CUST_0045,6/8/2025 16:49:00,₹497.57,4,User friendly app.,,,,,,,
CUST_0100,6/9/2025 1:59:00,₹356.94,3,Delivery was okay.,,,,,,,
CUST_0015,6/9/2025 7:28:00,₹517.97,4,User friendly app.,,,,,,,
CUST_0153,6/9/2025 11:55:00,₹435.74,4,Loved the discounts.,,,,,,,
CUST_0036,6/9/2025 14:04:00,₹280.92,5,User friendly app.,,,,,,,
CUST_0122,6/9/2025 22:07:00,₹347.49,1,Wrong items delivered.,,,,,,,
CUST_0217,6/9/2025 23:56:00,₹524.73,3,Product quality acceptable.,,,,,,,
CUST_0160,6/10/2025 2:22:00,₹462.06,4,Delivery was okay.,,,,,,,
CUST_0047,6/10/2025 4:43:00,₹507.32,4,User friendly app.,,,,,,,
CUST_0172,6/10/2025 6:17:00,₹174.45,2,Delivery was okay.,,,,,,,
CUST_0116,6/10/2025 8:36:00,₹431.76,5,Excellent service!,,,,,,,
CUST_0086,6/10/2025 10:49:00,₹419.33,5,Very fast delivery.,,,,,,,
CUST_0131,6/10/2025 12:25:00,₹537.06,4,Loved the discounts.,,,,,,,
CUST_0474,6/10/2025 20:53:00,₹295.99,3,Delivery was very late.,,,,,,,
CUST_0191,6/11/2025 9:18:00,₹363.84,3,Very fast delivery.,,,,,,,
CUST_0438,6/11/2025 9:50:00,₹625.14,5,Very fast delivery.,,,,,,,
CUST_0252,6/11/2025 11:27:00,₹435.97,4,User friendly app.,,,,,,,
CUST_0422,6/11/2025 11:52:00,₹329.44,4,Neutral experience.,,,,,,,
CUST_0225,6/11/2025 17:36:00,₹320.05,4,User friendly app.,,,,,,,
CUST_0273,6/12/2025 5:18:00,₹653.30,5,User friendly app.,,,,,,,
CUST_0090,6/12/2025 7:34:00,₹437.89,4,Very fast delivery.,,,,,,,
CUST_0227,6/12/2025 23:23:00,₹416.47,3,Very fast delivery.,,,,,,,
CUST_0039,6/13/2025 0:12:00,₹586.73,5,Great experience overall.,,,,,,,
CUST_0053,6/13/2025 0:29:00,₹379.58,5,Average service.,,,,,,,
CUST_0037,6/13/2025 19:07:00,₹238.54,2,Customer support unhelpful.,,,,,,,
CUST_0231,6/13/2025 23:36:00,₹512.31,3,Product quality acceptable.,,,,,,,
CUST_0380,6/14/2025 2:06:00,₹343.50,5,Great experience overall.,,,,,,,
CUST_0392,6/14/2025 8:05:00,₹289.06,4,Excellent service!,,,,,,,
CUST_0188,6/14/2025 11:58:00,₹386.53,4,User friendly app.,,,,,,,
CUST_0254,6/14/2025 14:14:00,₹348.39,4,Average service.,,,,,,,
CUST_0460,6/14/2025 21:25:00,₹453.83,2,App glitches caused trouble.,,,,,,,
CUST_0360,6/14/2025 21:48:00,₹304.67,2,Poor packaging.,,,,,,,
CUST_0396,6/15/2025 2:54:00,₹339.11,3,Delivery was okay.,,,,,,,
CUST_0247,6/15/2025 18:27:00,₹512.49,1,Delivery was very late.,,,,,,,
CUST_0133,6/15/2025 20:19:00,₹384.62,1,Wrong items delivered.,,,,,,,
CUST_0267,6/16/2025 1:47:00,₹348.60,3,Average service.,,,,,,,
CUST_0475,6/16/2025 7:24:00,₹526.13,3,Good quality products.,,,,,,,
CUST_0093,6/16/2025 9:57:00,₹352.56,4,Great experience overall.,,,,,,,
CUST_0338,6/16/2025 10:21:00,₹326.01,3,Nothing special.,,,,,,,
CUST_0390,6/16/2025 18:44:00,₹486.72,1,Wrong items delivered.,,,,,,,
CUST_0069,6/16/2025 20:33:00,₹273.38,3,Wrong items delivered.,,,,,,,
CUST_0462,6/17/2025 1:11:00,₹264.71,4,Average service.,,,,,,,
CUST_0243,6/17/2025 1:52:00,₹435.81,4,Great experience overall.,,,,,,,
CUST_0252,6/17/2025 3:34:00,₹395.48,4,Excellent service!,,,,,,,
CUST_0125,6/17/2025 8:14:00,₹217.07,3,Loved the discounts.,,,,,,,
CUST_0174,6/17/2025 14:14:00,₹237.07,4,Average service.,,,,,,,
CUST_0183,6/17/2025 15:04:00,₹467.88,4,Very fast delivery.,,,,,,,
CUST_0268,6/17/2025 18:47:00,₹430.21,2,Poor packaging.,,,,,,,
CUST_0035,6/17/2025 22:02:00,₹582.10,1,App glitches caused trouble.,,,,,,,
CUST_0202,6/18/2025 11:01:00,₹227.25,3,Delivery was okay.,,,,,,,
CUST_0217,6/18/2025 23:53:00,₹580.77,4,Very fast delivery.,,,,,,,
CUST_0292,6/19/2025 1:46:00,₹486.12,5,User friendly app.,,,,,,,
CUST_0422,6/19/2025 13:54:00,₹341.64,4,Product quality acceptable.,,,,,,,
CUST_0346,6/19/2025 14:26:00,₹497.21,4,Loved the discounts.,,,,,,,
CUST_0336,6/19/2025 19:14:00,₹503.67,1,Customer support unhelpful.,,,,,,,
CUST_0254,6/19/2025 20:51:00,₹464.37,1,Customer support unhelpful.,,,,,,,
CUST_0324,6/20/2025 4:36:00,₹448.34,4,Excellent service!,,,,,,,
CUST_0033,6/20/2025 7:01:00,₹182.95,2,Neutral experience.,,,,,,,
CUST_0319,6/20/2025 7:19:00,₹396.33,5,Average service.,,,,,,,
CUST_0330,6/21/2025 5:48:00,₹84.79,2,Delivery was okay.,,,,,,,
CUST_0289,6/21/2025 7:17:00,₹451.29,5,Excellent service!,,,,,,,
CUST_0009,6/21/2025 8:38:00,₹356.16,4,Product quality acceptable.,,,,,,,
CUST_0375,6/21/2025 12:50:00,₹513.07,5,Very fast delivery.,,,,,,,
CUST_0002,6/21/2025 17:32:00,₹533.74,5,Very fast delivery.,,,,,,,
CUST_0447,6/21/2025 20:33:00,₹116.32,2,Customer support unhelpful.,,,,,,,
CUST_0494,6/21/2025 21:18:00,₹339.59,2,Very bad experience.,,,,,,,
CUST_0005,6/21/2025 22:50:00,₹321.01,3,Delivery was very late.,,,,,,,
CUST_0318,6/22/2025 3:32:00,₹374.93,3,User friendly app.,,,,,,,
CUST_0124,6/22/2025 4:33:00,₹312.51,5,Excellent service!,,,,,,,
CUST_0191,6/22/2025 5:36:00,₹545.71,5,Great experience overall.,,,,,,,
CUST_0044,6/22/2025 10:52:00,₹230.20,4,Excellent service!,,,,,,,
CUST_0231,6/22/2025 22:47:00,₹388.19,1,App glitches caused trouble.,,,,,,,
CUST_0218,6/22/2025 23:29:00,₹530.46,5,User friendly app.,,,,,,,
CUST_0422,6/22/2025 23:37:00,₹350.63,4,Average service.,,,,,,,
CUST_0246,6/23/2025 0:11:00,₹611.89,5,Great experience overall.,,,,,,,
CUST_0304,6/23/2025 0:34:00,₹401.19,5,Product quality acceptable.,,,,,,,
CUST_0101,6/23/2025 2:27:00,₹383.91,5,Average service.,,,,,,,
CUST_0268,6/23/2025 5:46:00,₹380.11,4,Neutral experience.,,,,,,,
CUST_0176,6/23/2025 20:18:00,₹324.65,2,Customer support unhelpful.,,,,,,,
CUST_0089,6/23/2025 20:34:00,₹306.34,1,Wrong items delivered.,,,,,,,
CUST_0220,6/23/2025 20:34:00,₹503.96,1,Poor packaging.,,,,,,,
CUST_0407,6/23/2025 20:46:00,₹348.51,2,Very bad experience.,,,,,,,
CUST_0351,6/23/2025 23:37:00,₹437.57,3,Nothing special.,,,,,,,
CUST_0069,6/24/2025 0:03:00,₹468.71,4,Great experience overall.,,,,,,,
CUST_0485,6/24/2025 3:51:00,₹477.78,4,Good quality products.,,,,,,,
CUST_0410,6/24/2025 7:00:00,₹378.02,4,User friendly app.,,,,,,,
CUST_0035,6/24/2025 7:01:00,₹305.98,3,Delivery was okay.,,,,,,,
CUST_0345,6/24/2025 7:03:00,₹419.95,4,User friendly app.,,,,,,,
CUST_0042,6/24/2025 15:50:00,₹428.75,3,Great experience overall.,,,,,,,
CUST_0075,6/24/2025 18:30:00,₹436.56,2,Poor packaging.,,,,,,,
CUST_0224,6/25/2025 5:03:00,₹649.29,5,Excellent service!,,,,,,,
CUST_0148,6/25/2025 6:08:00,₹418.86,5,Loved the discounts.,,,,,,,
CUST_0277,6/25/2025 9:16:00,₹296.79,4,Excellent service!,,,,,,,
CUST_0310,6/25/2025 11:56:00,₹234.79,5,Great experience overall.,,,,,,,
CUST_0089,6/25/2025 12:19:00,₹290.88,5,User friendly app.,,,,,,,
CUST_0497,6/25/2025 22:25:00,₹479.50,2,Customer support unhelpful.,,,,,,,
CUST_0143,6/26/2025 1:48:00,₹490.95,5,Good quality products.,,,,,,,
CUST_0224,6/26/2025 2:42:00,₹497.55,4,Loved the discounts.,,,,,,,
CUST_0387,6/26/2025 9:38:00,₹508.41,5,Product quality acceptable.,,,,,,,
CUST_0242,6/26/2025 14:35:00,₹596.98,3,User friendly app.,,,,,,,
CUST_0152,6/26/2025 19:48:00,₹252.57,1,Customer support unhelpful.,,,,,,,
CUST_0044,6/26/2025 20:41:00,₹386.91,2,Poor packaging.,,,,,,,
CUST_0054,6/27/2025 4:02:00,₹379.94,5,Loved the discounts.,,,,,,,
CUST_0492,6/27/2025 4:50:00,₹221.57,4,Product quality acceptable.,,,,,,,
CUST_0361,6/27/2025 9:34:00,₹463.84,5,Nothing special.,,,,,,,
CUST_0348,6/27/2025 10:12:00,₹91.13,3,Average service.,,,,,,,
CUST_0171,6/27/2025 15:18:00,₹359.21,4,User friendly app.,,,,,,,
CUST_0199,6/27/2025 15:39:00,₹333.13,5,Delivery was okay.,,,,,,,
CUST_0099,6/27/2025 18:24:00,₹471.04,1,Wrong items delivered.,,,,,,,
CUST_0173,6/28/2025 0:07:00,₹339.59,5,Very fast delivery.,,,,,,,
CUST_0445,6/28/2025 0:09:00,₹588.27,3,Neutral experience.,,,,,,,
CUST_0252,6/28/2025 3:49:00,₹343.17,3,Delivery was okay.,,,,,,,
CUST_0013,6/28/2025 10:41:00,₹520.25,3,Loved the discounts.,,,,,,,
CUST_0037,6/28/2025 15:46:00,₹570.55,3,Nothing special.,,,,,,,
CUST_0481,6/28/2025 17:13:00,₹484.35,4,User friendly app.,,,,,,,
CUST_0359,6/28/2025 18:34:00,₹523.32,1,Poor packaging.,,,,,,,
CUST_0016,6/28/2025 20:39:00,₹560.12,2,Wrong items delivered.,,,,,,,
CUST_0462,6/28/2025 21:21:00,₹326.97,2,Poor packaging.,,,,,,,
CUST_0384,6/28/2025 23:14:00,₹361.29,5,Nothing special.,,,,,,,
CUST_0374,6/29/2025 4:47:00,₹413.97,5,Nothing special.,,,,,,,
CUST_0285,6/29/2025 7:45:00,₹541.61,3,User friendly app.,,,,,,,
CUST_0462,6/29/2025 8:27:00,₹281.41,3,Loved the discounts.,,,,,,,
CUST_0164,6/29/2025 9:37:00,₹268.09,3,Average service.,,,,,,,
CUST_0160,6/29/2025 16:22:00,₹403.05,4,Average service.,,,,,,,
CUST_0365,6/30/2025 4:31:00,₹346.15,4,Nothing special.,,,,,,,
CUST_0233,6/30/2025 4:55:00,₹625.88,5,Very fast delivery.,,,,,,,
CUST_0122,6/30/2025 10:14:00,₹418.66,5,Very fast delivery.,,,,,,,
CUST_0124,6/30/2025 11:57:00,₹400.05,3,Average service.,,,,,,,
CUST_0444,6/30/2025 15:36:00,₹360.02,4,Product quality acceptable.,,,,,,,
CUST_0348,6/30/2025 15:56:00,₹430.86,4,Neutral experience.,,,,,,,
CUST_0346,6/30/2025 16:09:00,₹266.72,5,Neutral experience.,,,,,,,
CUST_0229,6/30/2025 17:07:00,₹279.53,5,Excellent service!,,,,,,,
CUST_0455,6/30/2025 20:05:00,₹464.37,3,Wrong items delivered.,,,,,,,
CUST_0190,6/30/2025 21:20:00,₹431.66,2,Delivery was very late.,,,,,,,
CUST_0036,6/30/2025 23:44:00,₹596.86,4,Nothing special.,,,,,,,
CUST_0328,7/1/2025 0:45:00,₹483.27,4,Loved the discounts.,,,,,,,
CUST_0317,7/1/2025 1:55:00,₹301.59,5,Good quality products.,,,,,,,
CUST_0129,7/1/2025 3:17:00,₹442.41,4,Product quality acceptable.,,,,,,,
CUST_0012,7/1/2025 11:31:00,₹442.72,4,Great experience overall.,,,,,,,
CUST_0018,7/1/2025 12:51:00,₹332.92,5,Product quality acceptable.,,,,,,,
CUST_0135,7/1/2025 13:42:00,₹439.22,4,Great experience overall.,,,,,,,
CUST_0279,7/1/2025 17:44:00,₹552.15,4,Good quality products.,,,,,,,
CUST_0253,7/1/2025 22:15:00,₹338.95,3,Wrong items delivered.,,,,,,,
CUST_0242,7/1/2025 23:43:00,₹366.01,5,Very fast delivery.,,,,,,,
CUST_0101,7/2/2025 2:43:00,₹452.61,5,Good quality products.,,,,,,,
CUST_0475,7/2/2025 6:51:00,₹455.25,4,Neutral experience.,,,,,,,
CUST_0177,7/2/2025 11:41:00,₹497.96,4,Average service.,,,,,,,
CUST_0058,7/2/2025 15:48:00,₹470.46,3,Delivery was okay.,,,,,,,
CUST_0004,7/2/2025 16:04:00,₹464.48,5,User friendly app.,,,,,,,
CUST_0286,7/2/2025 17:48:00,₹373.57,4,Excellent service!,,,,,,,
CUST_0464,7/3/2025 1:11:00,₹214.52,4,Average service.,,,,,,,
CUST_0053,7/3/2025 1:34:00,₹316.87,5,Very fast delivery.,,,,,,,
CUST_0446,7/3/2025 5:57:00,₹587.82,3,Excellent service!,,,,,,,
CUST_0130,7/3/2025 6:19:00,₹588.20,5,Delivery was okay.,,,,,,,
CUST_0123,7/3/2025 6:51:00,₹268.16,4,Loved the discounts.,,,,,,,
CUST_0268,7/3/2025 7:58:00,₹376.18,4,Delivery was okay.,,,,,,,
CUST_0028,7/3/2025 13:22:00,₹332.55,5,Average service.,,,,,,,
CUST_0242,7/3/2025 14:37:00,₹323.62,4,Loved the discounts.,,,,,,,
CUST_0198,7/3/2025 15:00:00,₹514.44,4,Excellent service!,,,,,,,
CUST_0217,7/3/2025 16:32:00,₹366.51,5,Delivery was okay.,,,,,,,
CUST_0054,7/3/2025 17:16:00,₹634.77,5,User friendly app.,,,,,,,
CUST_0076,7/3/2025 23:02:00,₹428.05,5,Very fast delivery.,,,,,,,
CUST_0456,7/4/2025 1:52:00,₹462.38,4,Nothing special.,,,,,,,
CUST_0088,7/4/2025 1:53:00,₹231.55,5,Excellent service!,,,,,,,
CUST_0163,7/4/2025 3:45:00,₹479.17,5,Loved the discounts.,,,,,,,
CUST_0342,7/4/2025 4:03:00,₹264.58,5,Nothing special.,,,,,,,
CUST_0327,7/4/2025 4:34:00,₹247.84,4,Average service.,,,,,,,
CUST_0277,7/4/2025 4:37:00,₹252.22,5,Nothing special.,,,,,,,
CUST_0180,7/4/2025 8:44:00,₹561.86,4,Neutral experience.,,,,,,,
CUST_0409,7/4/2025 11:04:00,₹656.39,5,User friendly app.,,,,,,,
CUST_0227,7/4/2025 17:20:00,₹455.38,4,User friendly app.,,,,,,,
CUST_0106,7/4/2025 21:03:00,₹668.77,1,Very bad experience.,,,,,,,
CUST_0105,7/5/2025 1:40:00,₹233.33,5,Excellent service!,,,,,,,
CUST_0015,7/5/2025 3:28:00,₹430.93,5,Average service.,,,,,,,
CUST_0059,7/5/2025 17:57:00,₹475.73,4,Very fast delivery.,,,,,,,
CUST_0063,7/5/2025 18:50:00,₹212.21,2,Customer support unhelpful.,,,,,,,
CUST_0397,7/5/2025 20:01:00,₹429.99,3,Very bad experience.,,,,,,,
CUST_0400,7/5/2025 21:13:00,₹338.99,3,Very bad experience.,,,,,,,
CUST_0065,7/5/2025 22:32:00,₹342.57,1,Delivery was very late.,,,,,,,
CUST_0289,7/6/2025 4:06:00,₹643.10,5,User friendly app.,,,,,,,
CUST_0411,7/6/2025 7:19:00,₹672.06,4,Good quality products.,,,,,,,
CUST_0286,7/6/2025 11:14:00,₹295.34,5,Nothing special.,,,,,,,
CUST_0099,7/6/2025 14:14:00,₹246.38,4,Loved the discounts.,,,,,,,
CUST_0451,7/6/2025 14:38:00,₹545.54,4,Loved the discounts.,,,,,,,
CUST_0306,7/6/2025 20:28:00,₹201.39,3,Wrong items delivered.,,,,,,,
CUST_0275,7/6/2025 23:25:00,₹426.28,4,Very fast delivery.,,,,,,,
CUST_0090,7/7/2025 6:43:00,₹232.34,4,Product quality acceptable.,,,,,,,
CUST_0146,7/7/2025 9:59:00,₹228.93,4,Delivery was okay.,,,,,,,
CUST_0099,7/7/2025 10:51:00,₹389.29,5,Product quality acceptable.,,,,,,,
CUST_0136,7/7/2025 14:03:00,₹451.04,3,Nothing special.,,,,,,,
CUST_0068,7/8/2025 0:12:00,₹339.45,4,Loved the discounts.,,,,,,,
CUST_0267,7/8/2025 6:30:00,₹179.16,3,Neutral experience.,,,,,,,
CUST_0149,7/8/2025 11:34:00,₹315.33,4,Average service.,,,,,,,
CUST_0496,7/8/2025 12:33:00,₹357.39,4,Delivery was okay.,,,,,,,
CUST_0220,7/8/2025 12:46:00,₹363.42,4,Nothing special.,,,,,,,
CUST_0126,7/8/2025 13:05:00,₹468.29,3,Product quality acceptable.,,,,,,,
CUST_0065,7/8/2025 19:20:00,₹319.23,3,Customer support unhelpful.,,,,,,,
CUST_0100,7/8/2025 21:27:00,₹350.72,2,Delivery was very late.,,,,,,,
CUST_0145,7/8/2025 22:15:00,₹595.14,3,Poor packaging.,,,,,,,
CUST_0497,7/9/2025 3:18:00,₹564.33,3,Loved the discounts.,,,,,,,
CUST_0386,7/9/2025 8:10:00,₹414.31,5,Product quality acceptable.,,,,,,,
CUST_0344,7/9/2025 14:35:00,₹530.78,5,Good quality products.,,,,,,,
CUST_0099,7/9/2025 18:48:00,₹304.82,1,Wrong items delivered.,,,,,,,
CUST_0185,7/9/2025 23:14:00,₹444.91,4,Loved the discounts.,,,,,,,
CUST_0485,7/10/2025 2:58:00,₹313.68,4,Neutral experience.,,,,,,,
CUST_0289,7/10/2025 3:16:00,₹426.69,5,Average service.,,,,,,,
CUST_0195,7/10/2025 8:49:00,₹574.81,5,Good quality products.,,,,,,,
CUST_0481,7/10/2025 10:09:00,₹111.12,3,Average service.,,,,,,,
CUST_0129,7/10/2025 10:52:00,₹227.23,4,Delivery was okay.,,,,,,,
CUST_0445,7/10/2025 15:31:00,₹405.26,3,Neutral experience.,,,,,,,
CUST_0140,7/10/2025 18:10:00,₹410.36,1,App glitches caused trouble.,,,,,,,
CUST_0223,7/10/2025 23:10:00,₹237.06,3,Loved the discounts.,,,,,,,
CUST_0349,7/11/2025 1:40:00,₹266.23,3,Excellent service!,,,,,,,
CUST_0044,7/11/2025 5:49:00,₹416.91,4,Excellent service!,,,,,,,
CUST_0316,7/11/2025 12:25:00,₹644.20,5,Excellent service!,,,,,,,
CUST_0445,7/11/2025 20:34:00,₹349.68,1,Very bad experience.,,,,,,,
CUST_0143,7/11/2025 22:20:00,₹416.60,1,Customer support unhelpful.,,,,,,,
CUST_0096,7/12/2025 2:31:00,₹360.96,4,Neutral experience.,,,,,,,
CUST_0161,7/12/2025 2:48:00,₹600.31,5,User friendly app.,,,,,,,
CUST_0485,7/12/2025 9:24:00,₹575.41,5,Average service.,,,,,,,
CUST_0360,7/12/2025 16:42:00,₹257.31,5,Neutral experience.,,,,,,,
CUST_0177,7/12/2025 17:18:00,₹539.46,5,Good quality products.,,,,,,,
CUST_0415,7/12/2025 22:40:00,₹94.78,1,Poor packaging.,,,,,,,
CUST_0019,7/13/2025 0:19:00,₹270.66,3,Nothing special.,,,,,,,
CUST_0390,7/13/2025 10:00:00,₹421.79,5,Product quality acceptable.,,,,,,,
CUST_0304,7/13/2025 16:04:00,₹584.75,5,Great experience overall.,,,,,,,
CUST_0395,7/13/2025 17:17:00,₹558.04,4,Excellent service!,,,,,,,
CUST_0002,7/14/2025 2:51:00,₹425.64,5,Great experience overall.,,,,,,,
CUST_0139,7/14/2025 3:25:00,₹373.94,4,Delivery was okay.,,,,,,,
CUST_0448,7/14/2025 5:38:00,₹443.57,5,User friendly app.,,,,,,,
CUST_0326,7/14/2025 9:32:00,₹238.05,5,Average service.,,,,,,,
CUST_0373,7/14/2025 12:22:00,₹332.69,5,Neutral experience.,,,,,,,
CUST_0196,7/14/2025 21:41:00,₹330.51,2,Poor packaging.,,,,,,,
CUST_0208,7/15/2025 4:18:00,₹495.15,3,Good quality products.,,,,,,,
CUST_0181,7/15/2025 16:48:00,₹371.21,5,Average service.,,,,,,,
CUST_0144,7/15/2025 20:17:00,₹313.23,2,Customer support unhelpful.,,,,,,,
CUST_0407,7/15/2025 21:20:00,₹490.70,2,Wrong items delivered.,,,,,,,
CUST_0374,7/15/2025 23:00:00,₹348.05,5,Loved the discounts.,,,,,,,
CUST_0069,7/15/2025 23:48:00,₹354.08,4,Loved the discounts.,,,,,,,
CUST_0294,7/16/2025 0:23:00,₹478.78,5,User friendly app.,,,,,,,
CUST_0258,7/16/2025 1:37:00,₹397.80,4,User friendly app.,,,,,,,
CUST_0373,7/16/2025 5:21:00,₹489.63,5,Delivery was okay.,,,,,,,
CUST_0398,7/16/2025 6:25:00,₹415.97,4,Very fast delivery.,,,,,,,
CUST_0446,7/16/2025 6:49:00,₹425.13,5,User friendly app.,,,,,,,
CUST_0049,7/16/2025 12:40:00,₹275.57,4,Good quality products.,,,,,,,
CUST_0207,7/16/2025 18:03:00,₹283.60,2,Wrong items delivered.,,,,,,,
CUST_0119,7/17/2025 1:55:00,₹354.72,5,Very fast delivery.,,,,,,,
CUST_0008,7/17/2025 22:40:00,₹427.91,3,Delivery was very late.,,,,,,,
CUST_0473,7/18/2025 1:11:00,₹416.29,5,Excellent service!,,,,,,,
CUST_0398,7/18/2025 5:59:00,₹351.91,4,User friendly app.,,,,,,,
CUST_0101,7/18/2025 17:54:00,₹395.58,4,Neutral experience.,,,,,,,
CUST_0169,7/18/2025 17:59:00,₹357.58,4,Loved the discounts.,,,,,,,
CUST_0025,7/19/2025 0:49:00,₹472.30,4,Very fast delivery.,,,,,,,
CUST_0293,7/19/2025 2:51:00,₹424.92,4,Good quality products.,,,,,,,
CUST_0192,7/19/2025 5:24:00,₹496.35,5,Average service.,,,,,,,
CUST_0155,7/19/2025 15:12:00,₹315.84,3,Delivery was okay.,,,,,,,
CUST_0317,7/19/2025 23:54:00,₹390.87,5,Very fast delivery.,,,,,,,
CUST_0054,7/20/2025 1:29:00,₹492.76,4,Very fast delivery.,,,,,,,
CUST_0349,7/20/2025 8:14:00,₹467.48,5,Product quality acceptable.,,,,,,,
CUST_0447,7/20/2025 9:55:00,₹299.88,4,Good quality products.,,,,,,,
CUST_0339,7/20/2025 11:55:00,₹412.46,5,Average service.,,,,,,,
CUST_0481,7/20/2025 18:50:00,₹415.81,3,Very bad experience.,,,,,,,
CUST_0188,7/20/2025 21:20:00,₹527.28,1,Wrong items delivered.,,,,,,,
CUST_0439,7/21/2025 5:38:00,₹401.22,3,Delivery was okay.,,,,,,,
CUST_0360,7/21/2025 9:29:00,₹394.92,5,Loved the discounts.,,,,,,,
CUST_0280,7/21/2025 11:00:00,₹481.85,5,Excellent service!,,,,,,,
CUST_0261,7/21/2025 11:43:00,₹361.09,5,Very fast delivery.,,,,,,,
CUST_0323,7/21/2025 17:22:00,₹339.63,3,Great experience overall.,,,,,,,
CUST_0203,7/22/2025 0:52:00,₹437.57,3,Neutral experience.,,,,,,,
CUST_0144,7/22/2025 1:37:00,₹352.43,3,Average service.,,,,,,,
CUST_0086,7/22/2025 2:51:00,₹323.81,5,Average service.,,,,,,,
CUST_0128,7/22/2025 5:19:00,₹249.99,3,Neutral experience.,,,,,,,
CUST_0417,7/22/2025 18:45:00,₹396.80,3,Poor packaging.,,,,,,,
CUST_0096,7/23/2025 2:29:00,₹332.18,4,Neutral experience.,,,,,,,
CUST_0186,7/23/2025 9:46:00,₹406.48,4,Delivery was okay.,,,,,,,
CUST_0349,7/23/2025 11:31:00,₹272.12,5,Neutral experience.,,,,,,,
CUST_0190,7/23/2025 16:25:00,₹237.57,4,Very fast delivery.,,,,,,,
CUST_0037,7/24/2025 1:28:00,₹566.22,4,Very fast delivery.,,,,,,,
CUST_0394,7/24/2025 3:59:00,₹357.78,4,Loved the discounts.,,,,,,,
CUST_0026,7/24/2025 8:02:00,₹291.41,4,Neutral experience.,,,,,,,
CUST_0397,7/24/2025 11:59:00,₹381.22,5,Great experience overall.,,,,,,,
CUST_0147,7/24/2025 14:14:00,₹233.99,4,Loved the discounts.,,,,,,,
CUST_0113,7/24/2025 16:28:00,₹564.02,5,Neutral experience.,,,,,,,
CUST_0277,7/24/2025 17:14:00,₹361.03,5,Neutral experience.,,,,,,,
CUST_0302,7/25/2025 4:11:00,₹393.45,3,User friendly app.,,,,,,,
CUST_0052,7/26/2025 6:20:00,₹607.20,5,Loved the discounts.,,,,,,,
CUST_0487,7/26/2025 12:35:00,₹188.73,2,Neutral experience.,,,,,,,
CUST_0141,7/26/2025 13:39:00,₹536.90,3,Excellent service!,,,,,,,
CUST_0172,7/27/2025 2:44:00,₹242.31,5,Average service.,,,,,,,
CUST_0358,7/27/2025 9:42:00,₹607.30,5,Very fast delivery.,,,,,,,
CUST_0190,7/27/2025 13:25:00,₹606.26,5,Good quality products.,,,,,,,
CUST_0250,7/27/2025 14:16:00,₹399.10,3,Delivery was okay.,,,,,,,
CUST_0357,7/27/2025 14:19:00,₹488.67,4,Average service.,,,,,,,
CUST_0284,7/28/2025 0:26:00,₹444.74,5,Product quality acceptable.,,,,,,,
CUST_0152,7/28/2025 2:48:00,₹527.69,5,Good quality products.,,,,,,,
CUST_0301,7/28/2025 5:18:00,₹344.42,3,Loved the discounts.,,,,,,,
CUST_0002,7/29/2025 1:14:00,₹298.01,5,Delivery was okay.,,,,,,,
CUST_0414,7/29/2025 1:51:00,₹414.80,3,Delivery was okay.,,,,,,,
CUST_0188,7/29/2025 6:50:00,₹305.33,5,Delivery was okay.,,,,,,,
CUST_0493,7/29/2025 7:41:00,₹538.04,4,User friendly app.,,,,,,,
CUST_0097,7/29/2025 8:35:00,₹430.73,4,Great experience overall.,,,,,,,
CUST_0416,7/29/2025 13:11:00,₹370.50,5,Great experience overall.,,,,,,,
CUST_0194,7/29/2025 23:40:00,₹354.86,5,User friendly app.,,,,,,,
CUST_0364,7/30/2025 1:40:00,₹429.88,5,Product quality acceptable.,,,,,,,
CUST_0250,7/30/2025 5:41:00,₹309.12,5,Delivery was okay.,,,,,,,
CUST_0048,7/30/2025 13:08:00,₹230.78,3,Nothing special.,,,,,,,
CUST_0499,7/30/2025 17:30:00,₹418.12,3,Loved the discounts.,,,,,,,
CUST_0216,7/30/2025 20:25:00,₹273.64,2,App glitches caused trouble.,,,,,,,